#,Ship Name,Abbreviation,Type,Co. Reference,LOA,Beam,Draught,Grt,Net Tonnag,Port Of Registration,Date of Registration,Nationality,Dead Weight,LRN
1,1905 BARGE,BARG,MISCELLANEOUS,41412,36.00,0,0.00,99,99.00,,,,99.00,
2,A LA MARINE,LAM,FREIGHTER,28813,170.06,25.2,9.50,16023,6251.00,HONG KONG,03/03/2011,,20069.00,9386524
3,A2,A2,CRUISE,78322,47.35,8.110,2.41,458,137.00,GEORGE TOWN,,CAYMAN ISLANDS,0.00,1008035
4,AAL BANGKOK,AALB,FREIGHTER,563504,148.99,23,9.80,14053,5373.00,MONROVIA,28/06/2012,LIBERIA,18703.00,9521564
5,AARON,AAR,TUG,COMDCK,23.95,9,3.00,164,49.00,ND,01/01/2013,NETHERLANDS,0.00,9653214
6,ABEKO SERVER 1,ABE1,DREDGER,COMDCK,55.15,15,4.00,10,0.00,HOLLAND,01/01/1998,DUTCH,0.00,245589000
7,ABEKO SERVER 2,ABE2,DREDGER,480211,48.00,12,2.00,999,999.00,0,01/01/1997,DUTCH,0.00,24429000
8,ABEKO SERVER 3,ABE3,DREDGER,480211,44.00,0,3.00,999,999.00,,,,999.00,9252668
9,ACAMAR,ACA,TUG,COMDCK,16.00,5,,99999999,,,,UK,,
10,ACHTHERGRACHT,ACH,FREIGHTER,20246,129.80,18,8.00,7949,4157.00,AMSTERDAM,01/03/2013,NETHERLAND,12150.00,8821802
11,ACWS CONTINGENCY RACING,ACWS CONT,MISCELLANEOUS,20246,50.00,,,100,,,,,,
12,ACWS LIVE RACING,ACWS LIVE,MISCELLANEOUS,20246,50.00,,,100,,,,,,
13,ADIX,ADIX,CRUISE,CASH,67.00,8.6,5.00,21,87.00,LONDON,,UNITED KINGDOM,0.00,1000150
14,ADURNI,ADU,TUG,COMDCK,16.00,5,,999999,,,,UK,,
15,AEGEAN ODYSSEY,AEG ODY,CRUISE,202362,140.50,20.82,6.58,12094,,PANAMA CITY,18/06/1972,PANAMA,4174.00,7225910
16,AEL SERVICE,AEL SERVICE,FREIGHTER,28813,99.00,,,99,,,,,,
17,AETHRA,AETHRA,TUG,507300,94.10,22,7.11,7082,2124.00,LIMASSOL,,CYPRUS,4549.00,9181481
18,AFON LAS,AFLAS,TUG,COMDCK,25.00,9.5,3.04,131,39.00,BEAUMARIS,14/07/2010,UK,200.00,9547398
19,AFON LLIGWY,AFO,TUG,20193,2.35,8,2.00,119,0.00,,,UK,0.00,9266384
20,AFRIC STAR,AFR,FREIGHTER,28813,158.53,23,9.00,11590,6230.00,NASSAU,,,12519.00,8713562
21,AGULHAS STREAM,AGU,FREIGHTER,28813,150.00,22,9.00,9298,4983.00,WILLEMSTAD,,NETHERLANDS,11048.00,9158537
22,AIDAAURA,AIDAAURA,CRUISE,20162,203.20,28.10,6.20,42289,,GENOA,01/11/2004,ITALY,,9221566
23,AIDABELLA,AIDABELLA,CRUISE,64766,252.00,,,69203,,GENOA,,ITALY,,9362542
24,AIDACARA,AIDACARA,CRUISE,CASH,193.30,27.58,6.19,38531,,GENOA,,ITALY,,9112789
25,AIDAMAR,AIDAMAR,CRUISE,64766,253.00,32.2,7.30,71304,45123.00,GENOA,01/05/2012,ITALY,7757.00,9490052
26,AIDASOL,AIDASOL,CRUISE,20162,253.00,32.2,7.20,71304,45164.00,GENOA,27/02/2011,ITALY,7892.00,9490040
27,AIDAVITA,AIDAVITA,CRUISE,20162,203.00,28,6.40,42289,20877.00,GENOA,10/06/2001,ITALY,4232.00,9221554
28,ALBATROS,ALBA,CRUISE,423437,205.46,25,7.00,28518,10962.00,NASSAU,,BAHAMAS,5936.00,7304314
29,ALBEMARLE ISLAND,ALBE,FREIGHTER,28813,178.50,25,9.00,14061,6900.00,NASSAU,01/12/1992,,14160.00,9059602
30,ALBULA,ALB,MISCELLANEOUS,78322,63.84,,3.60,1397,,,,,,1008920
31,ALEXANDER,ALEX,FREIGHTER,563504,116.08,15.9,6.39,4723,2724.00,SAINT JOHN'S,01/05/2009,ANTIGUA & BARBUDA,7400.00,9433353
32,ALI CAT OF COWES,ALI CAT,MISCELLANEOUS,20184,20.00,10,17.00,78,,COWES,,UK,,232006214
33,ALSTERDIJK,ALS,FREIGHTER,28813,168.09,,10.00,17368,7822.00,MONROVIA,,LIBERIA,21150.00,9491484
34,ALVA,ALV,MISCELLANEOUS,CASH,54.00,7,3.00,286,85.00,STOCKHOLM,,SWEDEN,470.00,5013052
35,AMADEA,AMADEA,CRUISE,423437,190.00,24,6.00,28856,10131.00,NASSAU,01/10/1991,BAHAMAS,2248.00,8913162
36,AMANDA,AMAN,FREIGHTER,507300,80.96,11.3,2.80,1441,459.00,MARSTAL,01/11/2002,DENMRK,1795.00,8104565
37,AMARA,AMARA,MISCELLANEOUS,COMDCK,57.30,9.5,3.00,702,210.00,GEORGE TOWN,,CAYMAN ISLANDS,,1001178
38,AMARYLLIS,AMARY,MISCELLANEOUS,20246,78.43,12,3.00,2108,,GEORGE TOWN,09/11/2011,UK,220.00,1010519
39,AMBER11,AMB,TUG,28813,48.00,13,5.00,975,292.00,VALLETTA,,MALTA,760.00,9425423
40,AMBIENCE,AMBIENCE,CRUISE,20162,245.00,,,70285,,,,,,
41,AMBITION,AMB2,CRUISE,20162,216.00,28.8,7.00,48123,25196.00,NASSAU,01/03/2022,BAHAMAS,4923.00,9172777
42,AMERA,AMERA,CRUISE,423437,204.00,32.320,7.25,38848,15501.00,NASSAU,29/04/1988,BAHAMAS,6150.00,8700280
43,AMOENITAS,AMO,FREIGHTER,101128,133.98,,23.00,11473,3834.00,SAINT JOHNS,01/06/2014,ANTIGUA BARBUD,9963.00,9505510
44,ANDALUCIA STAR,ANDAL,FREIGHTER,28813,158.50,23,9.00,11658,6290.00,NASSAU,01/06/1989,BAHAMAS,12714.00,8816170
45,ANDRE B,ANDREB,TUG,533631,31.10,9,4.00,1,1.00,,,DUTCH,1.00,
46,ANDREA,ANDREA,FREIGHTER,644009,134.40,22,8.00,9981,6006.00,GIBRALTAR,11/07/2005,NORWAY,11285.00,9333357
47,ANDRINA F,ANDRINA F,FREIGHTER,563504,81.09,11,3.00,1568,556.00,SAINT JOHN'S,08/09/1990,ANTIGUA & BARBUDA,1890.00,8919221
48,ANDROS,AND,FUEL BARGE,202362,90.22,15.6,6.01,3212,1294.00,LIMASSOL,01/02/2020,CYPRUS,4605.00,9371347
49,ANNASTAR,ANNA,MISCELLANEOUS,78322,49.94,9.3,2.32,492,147.00,GEORGE TOWN,03/01/0012,CAYMAN ISLANDS,107.00,9620190
50,ANNE,ANNE,FREIGHTER,28813,139.14,22.6,8.80,9981,4900.00,MADEIRA,01/01/2006,PORTUGAL,11808.00,9347803
51,ANNEMIEKE,ANN,FREIGHTER,563504,151.63,20.4,6.50,8388,,,,,,9147681
52,ANSAC PRIDE,ANSAC,FREIGHTER,20162,177.85,28.66,10.87,22863,12519.00,HONG KONG,01/01/2013,,37094.00,9619737
53,ANTJE,TJE,FREIGHTER,563504,130.24,16.49,7.00,7138,2266.00,SAINT JOHN'S,25/10/2010,,7984.00,9570620
54,ANTWERP TRADER,ANT,FREIGHTER,28813,211.85,,11.00,27059,12221.00,VALLETA,,MALTA,34444.00,9304746
55,AQASIA,AQA,FREIGHTER,423437,85.16,13,5.00,2141,969.00,VALRTTA,01/06/2011,MALTESE,2845.00,9556753
56,ARCTIC PRIDE II,ARCT,MISCELLANEOUS,78322,46.43,8.69,2.17,475,142.00,BIKINI,01/01/2020,MARSHALL ISLANDS,58.00,9860776
57,ARCTIC ROCK,ARC,FREIGHTER,563504,92.20,15.00,5.00,2989,896.00,URK,01/04/2014,NETHERLANDS,3285.00,9650901
58,ARIES J,ARI,FREIGHTER,28813,151.72,23,8.00,10585,5372.00,LIMASSOL,,CYPRUS,12892.00,9514767
59,ARION,ARIO,TUG,COMDCK,30.38,8,4.00,257,,,01/01/1978,GERMANY,144.00,7726902
60,ARMORIQUE,ARM,FERRY,20212,167.00,32,6.00,29468,11605.00,MORLAIX,01/01/2009,FRENCH,4200.00,9364980
61,ARROW,ARR,FERRY,163081,122.32,19,6.00,7606,2282.00,DOUGLES,01/01/2013,ISLE OF MANN,5656.00,9119414
62,ARTANIA,ART,CRUISE,423437,231.00,32,7.00,44656,19772.00,HAMILTON,01/05/2011,BERMUDA,4661.00,8201480
63,ARTEMIS,TEM,TUG,507300,67.83,16,6.00,1989,596.00,LIMASSOL,01/09/1989,CYPRUS,2330.00,8321591
64,ARUBABORG,ARU,FREIGHTER,563504,143.00,21.53,9.69,11864,5650.00,DELFZIJL,,NETHERLANDS,17407.00,
65,AS FATIMA,ASF,FREIGHTER,28813,166.15,25,9.00,15334,5983.00,MONROVIA,01/04/2015,LIBERIA,18343.00,9437191
66,AS FLORETTA,FLO,FREIGHTER,423437,166.15,25,9.00,15375,5983.00,MADEIRA,26/12/2006,PORTUGAL,18278.00,9395056
67,AS PALINA,PAL,FREIGHTER,28813,210.05,30,11.50,26833,12743.00,MONROVIA,21/01/2004,,34567.00,9283693
68,ASNE,ASN,FUEL BARGE,121266,40.00,14,1.00,99,99.00,,,,99.00,
69,ASTOR,AST,CRUISE,20162,176.20,22,6.00,20606,7637.00,NASSAU,01/01/1987,GERMAN,,8506373
70,ASTORIA,ASTORIA,CRUISE,20162,160.08,21,9.00,16144,5931.00,MADEIRA,,,2020.00,5383304
71,ASTREA,TRE,MISCELLANEOUS,507300,71.33,17,6.00,2590,777.00,PIRAEUS,01/01/1987,GREECE,3200.00,8520771
72,ASTRID ERIKA,ASTR,FREIGHTER,563504,89.99,14.18,6.10,2999,1639.00,FLEKKEFJORD,01/01/2005,NORWAY,4933.00,9291731
73,ATALANTI,ATA,MISCELLANEOUS,507300,96.99,31,4.00,5897,1769.00,LIMASSOL,06/10/2008,CYPRUS,5613.00,8661616
74,ATLANTIC ACANTHUS,ATLA,FREIGHTER,28813,144.53,21,9.00,9649,5349.00,NASSAU,,,11793.00,9189897
75,ATLANTIC ERICA,ATLE,FREIGHTER,20195,144.50,21,9.00,9649,5349.00,PANAMA,,PANAMA,11791.00,9194476
76,ATLANTIC KLIPPER,ATLANKLIP,FREIGHTER,28813,165.00,25,10.00,14091,7603.00,SCHEVENIMGEN,01/01/2011,DUTCH,15692.00,9454761
77,ATLANTIC REEFER,ATLR,FREIGHTER,28813,175.70,,9.00,14505,7580.00,MONROVIA,,LIBERIA,17322.00,9179256
78,AURA,AURA,FREIGHTER,563504,101.80,18.830,4.90,3259,978.00,TURKU,01/01/2008,FINLAND,4965.00,9395276
79,AURORA,AURORA,CRUISE,645902,270.00,33.600,8.40,76152,40.04,HAMILTON,01/01/2000,BERMUDA,8.49,9169524
80,AVON,AVO,TUG,542928,26.00,8,2.00,999,999.00,UK,,UK,999.00,
81,AZAMARA JOURNEY,AZAMARA JOURNEY,CRUISE,20162,181.00,,,30277,,,,,,
82,AZAMARA QUEST,AZAMARA QUEST,CRUISE,20162,181.00,,,30277,,,,,,
83,BAIE DE SEINE,BDS,FERRY,20212,199.40,25,6.00,22382,8064.00,,,FRENCE,5625.00,9212163
84,BAILEY SENTINEL,BASE,MISCELLANEOUS,202362,61.98,15.5,4.60,2173,651.00,ABERDEEN,,UNITED KINGDOM,1487.00,9761425
85,BAKER TRAYTE 1,BAK1,MISCELLANEOUS,121266,99.00,99,99.00,99,99.00,,,,99.00,
86,BALMORAL,BALMORAL,CRUISE,20162,218.91,,,43537,,NASSAU,,BAHAMAS,,8506294
87,BALMORAL (SS),BAL,STEAMBOAT,516508,62.00,9,3.00,734,309.00,BRISTOL,,BRITISH,,5034927
88,BALTIC,TIC,FREIGHTER,202362,92.20,15,4.00,2957,,,01/01/2017,NETHERLANDS,3264.00,9763784
89,BALTIC HEATHER,BALH,FREIGHTER,20195,149.00,22,8.00,9859,5124.00,MONROVIA,11/03/1998,LIBERIA,10114.00,9181144
90,BALTIC KLIPPER,BALTCKLIP,FREIGHTER,28813,165.00,25,10.00,14091,7238.00,MONROVIA,01/01/2010,LIBERIAN,156609.00,9454759
91,BALTIC LORD,BALO,FREIGHTER,28813,155.20,23.4,9.50,11443,6336.00,ST VINCENT & THE GRENADINES,,,12912.00,9160274
92,BALTIC MERCURY,BALM,FREIGHTER,20195,145.50,22,9.00,10298,4653.00,KINGSTOWN,01/10/2012,ST VINCENT,11067.00,8616312
93,BALTIC PERFORMER,BALP,FREIGHTER,20195,150.01,22,9.00,10381,5253.00,MONROVIA,,LIBERIA,10603.00,9016674
94,BALTIC PILGRIM,BPIL,FREIGHTER,20195,150.01,22,9.00,10381,5253.00,MONROVIA,,LIBERIA,10621.00,9016662
95,BALTIC PIONEER,BPIO,FREIGHTER,20195,150.01,22,9.00,10374,5253.00,MONROVIA,01/11/2013,LIBERIA,10532.00,9070137
96,BALTIC SPIRIT,BALSP,FREIGHTER,28813,188.60,26.00,9.72,17421,8092.00,NASSAU,01/11/2018,BAHAMAS,16580.00,9765873
97,BALTIC SPRING,BALS,FREIGHTER,20195,156.89,23,9.00,10842,6381.00,MONROVIA,,LIBERIA,12942.00,8909070
98,BALTIC SUMMER,BSUM,FREIGHTER,20195,156.88,23,9.00,10842,6381.00,MONROVIA,01/09/2013,LIBERIA,12942.00,8802090
99,BARFLEUR,BARF,FERRY,20212,157.65,23,8.00,20133,0.00,CHERBOURG,,FRENCE,0.00,9007130
100,BARGE,BAR,MISCELLANEOUS,COMDCK,25.00,9,,30,,,,,,
101,BARRINGTON ISLAND,BARRI,FREIGHTER,28813,178.50,25.24,9.20,14061,6900.00,NASSAU,01/09/1993,BAHAMAS,14140.00,9059614
102,BAVENIT,BAV,DREDGER,202362,88.17,17,5.00,3575,1073.00,MURMANSK,,RUSSIA,2289.00,8406573
103,BAY PHOENIX,BAYP,FREIGHTER,28813,134.02,20,7.00,7326,4810.00,MONROVIA,18/06/1993,,8041.00,9047271
104,BBC ALBERTA,BBCAL,FREIGHTER,563504,138.00,21,8.00,9611,4260.00,MONROVIA,,LIBERIA,12655.00,
105,BBC BAHRAIN,BBCB,FREIGHTER,563504,128.45,16,7.00,6309,2841.00,SAINT JOHN'S,01/01/2012,GERMAN,7967.00,9578751
106,BBC BELEM,BBCBEL,FREIGHTER,563504,128.97,16,7.00,6310,2841.00,ST JOHNS,11/09/2010,GERMAN,8129.00,9501655
107,BBC BERGEN,BBCBER,FREIGHTER,563504,128.45,16,7.00,6310,,SAINT JOHN'S,,ANTIGUA & BARBUDA,8000.00,9437153
108,BBC EAGLE,BBC EAGLE,FREIGHTER,563504,139.00,20,7.72,8750,,SAINT JOHNS,01/01/2008,ANTIGUA BARBUDA,10340.00,9407574
109,BBC EDGE,BBC EDGE,FREIGHTER,563504,139.03,,7.70,8.75,,,,,10.38,
110,BBC KANSAS,BBCKAN,FREIGHTER,202362,138.02,21,8.00,9611,4260.00,SAINT JOHNS,01/06/2006,GERMAN,12730.00,9349291
111,BBC LISBON,BBC LIS,FREIGHTER,563504,130.18,,7.00,7.14,2.27,ANTIGUA AND BARBUDA,01/01/2011,,7.84,9513634
112,BBC LIVORNO,BBCLIVORN,FREIGHTER,563504,130.22,16,7.00,7138,3412.00,"ST JOHNS, ANTIGUA AND BARBUDA",01/06/2012,ANTIGUAN,7933.00,9570670
113,BEAUMARE,MARE,FREIGHTER,20162,88.60,12520,5.40,2545,1460.00,ROTTERDAM,01/02/2016,NETHERLANDS,3850.00,9401245
114,BELLA VITA,BELA,MISCELLANEOUS,78322,60.00,11.41,3.50,1218,365.00,GEORGE TOWN,01/07/2010,CAYMAN ISLANDS,189.00,1010337
115,BELLINGSHAUSEN,BELL,FREIGHTER,507300,87.98,12.8,5.51,2452,1369.00,ST JOHNS,01/01/2003,ANTIGUA & BARBUDA,3672.00,9197399
116,BENGUELA STREAM,BEN,FREIGHTER,28813,150.00,22,9.00,9298,4998.00,GRONINGEN,,NETHERLANDS,11016.00,9158549
117,BERLIN,BER,CRUISE,20162,139.30,17,4.00,9570,3542.00,VALLETA,01/12/1980,,1796.00,7904889
118,BERTH RESERVED,RESERVED,MISCELLANEOUS,20162,1.00,,,1,,,,,,
119,BF FORTALEZA,BFFO,FREIGHTER,644009,121.85,18.45,6.68,6362,3998.00,LIMASSOL,06/08/1996,CYPRUS,7202.00,9130432
120,BG IRELAND,BG IRE,FREIGHTER,20162,139.60,22.390,7.36,8.246,4.00,LIMASSOL,01/01/2007,CYPRUS,11.18,9355446
121,BIG EAGLE,BIG,MISCELLANEOUS,CASH,52.00,9,3.00,339,119.00,KINGSTON,20/06/1980,USE,0.00,7916430
122,BIG RON,BRON,MISC BARGE,29368,20.00,9.00,1.50,135,75.00,LONDON,01/03/2020,UNITED KINGDOM,,8891053
123,BIRGIT,BIRG,FREIGHTER,507300,116.08,15.9,6.39,4723,2493.00,SAINT JOHNS,01/01/2008,ANTIGUA & BARBUDA,7560.00,9433341
124,BIRGIT G,BRGG,FREIGHTER,507300,88.60,12.69,5.41,2545,1460.00,SAINT JOHNS,01/01/2010,ANTIGUA & BARBUDA,3850.00,9536064
125,BKM103,BKM,DREDGER,20193,26.50,11,2.00,182,0.00,,,,226.00,9190341
126,BLACK WATCH,BLA,CRUISE,20162,205.47,25,7.00,28163,11854.00,NASSAU,01/01/1972,BAHAMAS,5656.00,8000293
127,BLADE RUNNER 2,BRUN2,FREIGHTER,57668,75.00,0,0.00,999,999.00,UK,,,0.00,9287754
128,BOA NJORD,BOA,TUG,184979,32.00,11,5.00,490,147.00,VALLETTA,01/01/2009,,0.00,9551911
129,BOLDWIND,BOLDWIND,FREIGHTER,563504,148.45,28.042,5.60,8604,2582.00,MADEIRA,01/05/2020,PORTUGAL,10.00,9870018
130,BOLETTE,BOL,CRUISE,563504,237.00,32.28,8.12,62735,31639.00,NASSAU,01/01/2000,BAHAMAS,7327.00,9188037
131,BOMAR CAEN,BOM,FREIGHTER,28813,210.06,30,11.00,26836,12743.00,MADEIRA,17/10/2004,PORTUGAL (MAR),34289.00,9301433
132,BOREALIS,BOREALIS,CRUISE,20162,237.70,,,61849,,BAHAMAS,01/01/1997,,,9122552
133,BORNHOLM,ORN,FREIGHTER,563504,87.95,11,4.20,1945,1039.00,LATVIA,16/04/2006,GERMANY,2443.00,9350460
134,BORROWDALE H,BOR,FUEL BARGE,20104,50.60,6,3.00,356,170.00,HULL,01/01/1972,UK,0.00,7228479
135,BOUDICCA,BOU,CRUISE,20162,207.00,2502,7.00,28372,11649.00,NASSAU,01/06/1973,BAHAMAS,5291.00,7218395
136,BOYNE,BOYN,MISCELLANEOUS,563504,105.50,99,6.29,8082,,VALLETTA,01/06/2020,MALTA,,9369928
137,BRAEMAR,BRA,CRUISE,157352,195.82,22,5.00,24344,8103.00,UK,21/06/1993,UK,2978.00,9000699
138,BRAVEWIND,BRAVEWIND,FREIGHTER,563504,149.00,28,,8604,,MADEIRA,,PORTUGAL,10000.00,9886330
139,BRAZILIAN REEFER,BREEF,FREIGHTER,20195,144.60,23,10.00,12383,7978.00,NASSAU,14/10/1983,,14786.00,8300377
140,BREMAN,BRE,CRUISE,20162,111.51,17,4.00,6752,2073.00,NASSAU,,BAHAMAS,1226.00,8907424
141,BREMEN,BREMEN,FREIGHTER,507300,89.88,12.9,5.65,2.59,1.39,LIMASSOL,01/01/2012,CYPRUS,3.81,9617301
142,BRETAGNE,BR,FERRY,20212,151.20,29,6.00,24534,13242.00,MORLAIX,26/01/1993,FRENCH,0.00,8707329
143,BRILLIANCE OF THE SEAS,BRILLANCE OF THE SEAS,CRUISE,20162,292.00,,,90090,,,,,,
144,BRILLIANT LADY,BRILLIANT LADY,CRUISE,20162,278.00,,,110000,,,,,,
145,BRITANNIA BEAVER,BRITBEAVR,FREIGHTER,407737,99.95,17.71,6.24,3610,1038.00,LONDON,01/01/1991,UNITED KINGDOM,5786.00,9001667
146,BSL CAPE TOWN,BSL,FREIGHTER,28813,210.03,30.230,11.50,26,12.00,MONROVIA,28/03/2019,LIBERIA,34.00,9275048
147,BUCENTAUR,BUC,MISCELLANEOUS,202362,77.35,16,5.00,2,830.00,NASSAU,25/10/1982,,2.00,8112548
148,BUSTLER,BUS,TUG,41412,39.99,99,99.00,99,99.00,,,,99.00,7902336
149,BUXTEHUDE,BUX,FREIGHTER,644009,134.40,22.5,8.71,9962,6006.00,ST JOHNS,01/07/2006,,11431.00,9354339
150,BYSTANDER,BYS,MISCELLANEOUS,CASH,42.18,9,2.00,561,168.00,GEORGE TOWN,01/01/2001,UK,99.00,1008736
151,CADENA 4,CAD4,FREIGHTER,20195,155.00,22.7,7.10,12433,3730.00,OSLO,,NORWAY,9235.00,9132002
152,CALEDONIAN SKY,CSKY,CRUISE,20162,90.60,15,3.00,4200,1263.00,BAHAMAS,24/03/1990,,645.00,8802870
153,CAP BEATRICE,CAP,FREIGHTER,28813,210.07,30,11.00,12743,26833.00,LIBERIA,,MONROVIA,34317.00,9275062
154,CAP FINISTERE,CF,FERRY,20212,203.90,25,6.00,30285,10703.00,MORILAX,16/02/2010,FRENCH,5990.00,9198927
155,CAP ROCA,ROC,FREIGHTER,28813,225.09,31.00,12.20,32984,13452.00,LIBERIA,07/06/2012,,34700.00,9399789
156,CAPALL MARA,CAPALMARA,DREDGER,202362,39.60,14.0,2.50,496,,,,,992.00,
157,CARIBBEAN STAR,CARIBSTAR,FREIGHTER,28813,184.80,24,9.00,15058,7480.00,MONROVIA,,LIBERIA,14726.00,9150810
158,CAROLINA,CAROLINA,FREIGHTER,507300,82.50,12.580,5.34,2.409,993.00,SPIJK,,NETHERLANDS,3.70,9382748
159,CAUSEWAY,CAU,DREDGER,20193,92.10,19,6.00,4320,1296.00,,,,5950.00,9653197
160,CELINA,CELINA,FREIGHTER,507300,104.40,16.380,6.76,4.073,2.16,SAINT JOHNS,01/01/2001,ANTIGUA AND BARBUDA,6.18,9019200
161,CELTIC,CELT,FREIGHTER,563504,108.25,14.0,5.52,3636,1090.00,URK,01/01/2021,NETHERLANDS,4514.00,9917672
162,CELTIC FORTUNE,CELFOR,FREIGHTER,507300,88.99,14.0,6.18,2999,1639.00,CARDIFF,01/12/2020,UK,5.63,9353711
163,CHANGUINOLA BAY,CHAN,FREIGHTER,28813,141.00,20,8.00,8487,3897.00,NASSAU,09/09/1988,,9727.00,8801814
164,CHANNEL CHIEFTAIN VI,CHA,MISCELLANEOUS,507300,19.00,7.3,2.00,40,,WEYMOUTH,,UK,,
165,CHARLES ISLAND,CHAR,FREIGHTER,28813,178.50,25,9.00,14061,6900.00,NASSAU,,BAHAMAS,14140.00,9059626
166,CHILE STAR,CHI,FREIGHTER,28813,150.35,22,9.00,10629,4253.00,MONROVIA,01/08/1993,LIBERIA,10582.00,9017276
167,CLARITY,CLAR,FREIGHTER,507300,88.60,12.51,5.42,2545,1460.00,PEEL,01/07/2022,UNITED KINGDOM,3796.00,9370305
168,CLIFFWATER,CLIF,FUEL BARGE,202362,91.29,12,5.00,2144,920.00,PAPEMDRECHT,,NETHERLANDS,3701.00,9229532
169,CMA CGM AGADIR,CMAAGA,FREIGHTER,28813,139.10,22,8.00,9981,4900.00,ANTIGUA,04/09/2008,,11500.00,9362956
170,CMA CGM ARISTOTE,CMAARIS,FREIGHTER,28813,171.00,27,9.00,17594,7181.00,LONDON,01/07/2007,UNITED KINGDOM,21267.00,9360154
171,CMA CGM HERODOTE,CMAHER,FREIGHTER,28813,171.00,27,9.00,17594,7171.00,LONDON,01/03/2007,UNITED KINGDOM,18860.00,9360142
172,CMA CGM HOMERE,CMAHOM,FREIGHTER,28813,170.00,27,9.00,17594,7181.00,LONDON,23/03/2007,UNITED KINGDOM,21264.00,9362322
173,CMA CGM MEKNES,CMAMEK,FREIGHTER,28813,138.13,22,8.00,9996,4900.00,SAINT JOHNS,,ANTIGUA,11775.00,9435820
174,CMA CGM PLATON,CMAPLAT,FREIGHTER,28813,171.00,27,9.00,17594,7181.00,LONDON,01/10/2007,UNITED KINGODM,19430.00,9362437
175,CMS WARRIOR,CMS,TUG,566408,22.73,10,4.00,161,,,,,,9765184
176,COE MINA,COEM,FREIGHTER,563504,87.99,11.54,5.24,2064,1074.00,LIMASSOL,01/01/1985,CYPRUS,3357.00,8509820
177,COLD STREAM,COLD,FREIGHTER,28813,140.00,22,9.30,8414,4542.00,WILLEMSTAD,,,10086.00,
178,COLOMBIAN STAR,COLOMSTAR,FREIGHTER,28813,184.80,24,9.00,15292,7414.00,MONROVIA,,LIBERIA,15000.00,9172480
179,COLUMBUS,COL,CRUISE,28813,247.00,32,8.20,63500,,,,,,
180,COLUMBUS 2,COL2,CRUISE,20162,181.00,25,5.00,30277,11481.00,MAJURO,24/01/1998,MARSHALL ISL,2700.00,9156462
181,COMMODORE CLIPPER,CCL,FERRY,163081,129.14,23,5.00,14000,4201.00,,,,,9201750
182,COMMODORE GOODWILL,CGO,FERRY,163081,126.40,21,6.00,11166,3350.00,NASSAU,01/01/1996,BAHAMAS,,9117985
183,COMOROS STREAM,COMO STRM,FREIGHTER,28813,155.00,24,10.00,11382,6408.00,PANAMA,,PANAMA,12906.00,9167801
184,COMPASS,COMP,TUG,20195,33.70,10,4.00,451,135.00,WILLEMSTAD,27/09/2012,NETHERLAND,,9534078
185,CONDOR ISLANDER,CISL,FERRY,163081,125.00,,,13906,,,,,,
186,CONDOR LIBERATION,CON LIB,FERRY,163081,102.00,28,,6307,,NASSAU,01/01/2010,,680.00,9551363
187,CONDOR RAPIDE,CRAPIDE,FERRY,163081,87.90,,,5005,,NASSAU,,,,9161560
188,CONDOR VOYAGER,CONV,WAVE PIERCING CRAFT,163081,97.22,26,3.00,6581,2514.00,,,,750.00,9221358.
189,CONFORMITY,CONY,FREIGHTER,507300,88.60,12.158,5.30,2545,1460.00,PEEL,01/07/2021,UNITED KINGDOM,3859.00,9370288
190,CONMAR AVENUE,CONM,FREIGHTER,28813,151.72,23,8.00,10585,5372.00,SAINT JOHNS,16/05/2012,GERMAN,12878.00,9483358
191,CONMAR GULF,CNGF,FREIGHTER,644009,129.56,20.6,7.40,7545,3165.00,MADEIRA,,PORTUGAL,8146.00,9341964
192,CONMAR ISLAND,CONISL,FREIGHTER,28813,138.15,21,7.00,8032,3615.00,LIMASSOL,31/12/2012,CYPRUS,10408.00,9360996
193,CONNEMARA,CONN,FERRY,20212,186.63,25.6,6.15,27414,,LIMMASOL,,FRENCH,,9349760
194,CONSTANCE,CONST,MISCELLANEOUS,CASH,44.00,8,2.00,418,125.00,THE CREEK - CAYMAN ISLANDS,01/04/1986,,,1003176
195,CONSTANCE.,CONSTA,FREIGHTER,,86.00,12.4,5.30,2415,1036.00,GIBRALTAR,01/01/2011,GIBRALTAR,3196.00,9505338
196,CONTAINERSHIPS NORD,SNOR,FREIGHTER,28813,169.95,26.9,9.60,17982,9861.00,NICOSIA,12/12/2018,CYPRUS,27272.00,9813993
197,CONTENDER,CONTD,DREDGER,480211,87.85,,4.00,2520,756.00,BEVERWIJK,26/06/1998,NETHERLANDS,3155.00,9184665
198,CONTI SALOME,CONSAL,FREIGHTER,28813,204.42,28,15.00,22801,11010.00,MONROVIA,01/04/2007,LIBERIA,30573.00,9357080
199,CORALWATER,CORAL,MISCELLANEOUS,20195,93.44,10,4.00,1895,881.00,PAPENDRECHT,,NETHERLANDS,3347.00,9004164
200,CORINTHIAN,CORIN,CRUISE,20162,88.32,15,8.00,4077,1223.00,VALLETTA,01/05/2011,MALTA,2420.00,8708672
201,CORONA J,CORJ,FREIGHTER,28813,161.10,25,9.00,16129,6440.00,SAINT JOHNS,01/06/2006,ANTIGUA&BARBUDA,16794.00,9238686
202,COSTA LA LUZ,COSTA LA LUZ,DREDGER,202362,94.00,,,3529,,,,,4907.00,9145217
203,COSTA RICAN STAR,CR STAR,FREIGHTER,28813,184.80,24,9.00,15058,7480.00,MONROVIA,,LIBERIA,14726.00,9150822
204,COTE D'ALBATRE,COTE DAL,FERRY,COMDCK,142.45,24,5.00,18940,5527.00,DIEPPE,,FRANCE,3608.00,9320128
205,COTE DIVOIRIAN STAR,COTEDSTAR,FREIGHTER,28813,184.80,24,9.00,15292,7414.00,MONROVIA,,LIBERIA,15000.00,9172478
206,COTENTIN,COTENTIN,FERRY,20212,165.00,26,6.00,19909,5972.00,CHERBOURG,04/12/2007,FRENCH,6200.00,9364978
207,COUTANCES,COUT,FERRY,20212,125.53,17,4.00,6507,1626.00,LE HARVE,01/03/1978,FRANCE,1779.00,7528477
208,CROWN EMERALD,CEMER,FREIGHTER,20195,151.99,23,8.00,10519,5406.00,SINGAPORE,22/12/1995,SINGAPORE,10351.00,9128037
209,CROWN EMMA,CEMMA,FREIGHTER,20195,152.00,,8.00,10519,5406.00,BRIDGETOWN,01/09/2014,BARBADOS,10351.00,9128307
210,CROWN GARNET,CGARNET,FREIGHTER,28813,151.99,23,7.00,10519,5406.00,PANAMA,,PANAMA,10322.00,9128049
211,CROWN JADE,CJADE,FREIGHTER,20195,151.99,23,8.00,10519,5406.00,PANAMA,01/01/2006,PANAMA,10342.00,9128051
212,CROWN OPAL,COPAL,FREIGHTER,20195,151.90,23,8.00,10519,5406.00,PANAMA,01/01/2006,PANAMA,10316.00,9128063
213,CROWN RUBY,CRUBY,FREIGHTER,20195,151.99,23,8.00,10519,5406.00,PANAMA,01/01/1997,PANAMA,10338.00,9159103
214,CROWN SAPPHIRE,CSAP,FREIGHTER,20195,151.99,23,8.00,10519,5406.00,PANAMA,01/01/1997,,10334.00,9159115
215,CROWN TOPAZ,CTOP,FREIGHTER,20195,151.99,23,8.00,10527,5406.00,PANAMA,,PANAMA,10318.00,9191498
216,CRYSTAL ENDEAVOR,CRYEND,CRUISE,20195,183.00,,,25000,,,,,,
217,CRYSTAL SERENITY,CRYSTAL SERENITY,CRUISE,110214,250.00,,,68870,,,,,,
218,CRYSTAL SYMPHONY,CRSY,CRUISE,20162,238.01,30,8.00,51044,20201.00,NASSUA,07/08/1994,,4500.00,9066667
219,CS QUALITY,CSQ,FREIGHTER,28813,162.50,26,9.00,14030,6724.00,SINGAPORE,01/03/2007,SINGAPORE,13193.00,9438494
220,CS SERVICE,CS SERV,FREIGHTER,28813,162.50,26,9.72,14030,6724.00,SINGAPORE,15/01/2008,SINGAPORE,13207.00,9438482
221,CS STRATOS,CS STRATO,FREIGHTER,28813,162.50,26,9.00,14030,6724.00,PANAMA,01/01/2007,PANAMA,13186.00,9350991
222,CWIND VOYAGER,CWV,MISCELLANEOUS,28813,26.50,9.1,1.38,125,0.00,,,,0.00,
223,DANIEL,DAN,FREIGHTER,28813,134.44,2250,871.00,9990,6006.00,SAINT JOHNS,01/01/2006,,11208.00,9326988
224,DELFIN,DELF,FREIGHTER,507300,89.25,13.3,5.60,2780,,LATVIA,,,3789.00,9173161
225,DELIA,DELIA,FREIGHTER,507300,89.70,11.65,4.48,1846,1081.00,ST JOHNS,,ANTIGUA & BARBUDA,2500.00,9234317
226,DELPHIN,DELPN,CRUISE,20195,156.27,22,6.00,16214,,VALLETTA,01/01/1975,MALTA,,7347536
227,DELTA-D,DEL,FREIGHTER,635040,98.33,17.66,6.28,3498,,SAS VAN GENT,,NETHERLANDS,,8803783
228,DEO GLORIA,DEO,DREDGER,20193,72.00,14,3.00,1512,453.00,GOES,01/10/2016,NETHERLAND,2100.00,7711074
229,DEO VOLENTE,DEO VOLEN,FREIGHTER,20162,104.69,15.6,5.82,2981,1198.00,URK,02/01/2007,NETHERLANDS,3750.00,9391658
230,DEUTSCHLAND,DEUT,CRUISE,20162,175.30,23,5.00,22496,8264.00,KIEL,01/05/1998,GERMAN,3460.00,9141807
231,DINA TRADER,DINA,FREIGHTER,28813,134.44,22,8.00,9981,6006.00,GIBRALTAR,01/11/2007,,11287.00,9354442
232,DOCKMAN,DOCK,TUG,464225,20.00,,2.00,99,99.00,,,,,
233,DP LEGACY,DPLEG,FREIGHTER,28813,140.55,23,8.00,10965,4714.00,VALLETA,22/10/2006,GERMAN,12611.00,9349174
234,DUKE OF NORMANDY,DON,TUG,202362,26.00,9,2.70,212,,JERSEY,01/01/2005,JERSEY,200.00,9348429
235,DUMB BARGE,DUMB,MISC BARGE,20191,54.00,,1.00,20,,PORTSMOUTH,,UNITEDKINGDOM,,
236,DUNCAN ISLAND,DUN,FREIGHTER,28813,178.50,25.24,9.20,14061,6900.00,NASSAU,,BAHAMAS,14140.00,
237,DURBAN STAR,DURB,FREIGHTER,28813,150.35,,,10614,5017.00,NASSUA,20/10/1992,,10629.00,9019121
238,DUTCH PEARL,D PEARL,TUG,507300,31.10,9.66,2.60,254,,ZIERIKZEE,01/05/2015,NETHERLANDS,,9547881
239,EASTERN BAY,EBAY,FREIGHTER,20195,143.00,22,8.00,8917,4366.00,MONROVIA,,LIBERIA,9662.00,9143752
240,EDDA FONN,EDD,MISCELLANEOUS,202362,84.70,18,6.00,4505,,,,,2800.00,9273662
241,EDT JANE,EDTJ,FREIGHTER,202362,88.80,19,6.00,4953,1489.00,,,,4577.00,9491410
242,EEMS DUNDEE,EEMD,FREIGHTER,563504,107.95,16.1,6.45,5198,1997.00,DELFZIJL,01/01/2013,NETHERLANDS,6555.00,9658109
243,EEMS ROVER,EEMS ROVER,FREIGHTER,507300,89.95,15.25,5.64,2992,,DELFZIJL,01/06/2021,NETHERLANDS,,9529190
244,EEMS SKY,ESKY,FREIGHTER,563504,87.27,11.450,4.26,1862,920.00,DELFZIJL,01/06/2022,NETHERLANDS,2600.00,9421647
245,EEMS TRANSPORTER,EEMS TRANS,FREIGHTER,563504,89.99,13.83,4.35,2186,,DELFZIJL,,NETHERLANDS,,9340300
246,EEMS TRAVELLER,EEMS,FREIGHTER,1824442,90.60,13.750,4.35,2137,1164.00,DELFZIJL,,NETHERLANDS,2850.00,9218234
247,EEMSLIFT NELLI,EEM,FREIGHTER,563504,111.60,17.1,5.90,5460,1638.00,DELFZIJI,,NETHERLANDS,4200.00,
248,EGS PIONEER,EPION,MISCELLANEOUS,28813,25.00,7,3.00,99,99.00,,,,99.00,7382926
249,EL TORO,ELTOR,FREIGHTER,28813,147.81,23,8.00,9957,5020.00,HONG KONG,01/10/2011,HONG KONG,13633.00,9330264
250,ELBBLUE,ELBB,FREIGHTER,644009,151.72,23.4,8.00,10585,,LIMASSOL,,,13200.00,9504059
251,ELBSKY,ELBS,FREIGHTER,644009,157.70,23,,11550,5839.00,,,ANTIGUA & BARBUDA,14800.00,9412531
252,ELBSTROM,ELB,FREIGHTER,20162,139.60,22.2,7.00,8273,,MADEIRA,01/01/2008,PORTUGAL,11051.00,9369007
253,ELENORA,ELE,FREIGHTER,507300,85.60,13.030,5.71,2469,1272.00,MADEIRA,,,4023.00,9184421
254,ELISABETH S,ELISBETHS,FREIGHTER,COMDCK,88.62,12.6,5.30,1905,,,,,2665.00,
255,ELKE W,ELK,FREIGHTER,507300,82.50,12.58,5.35,2409,993.00,HAMBURG,06/10/2005,GERMAN,3692.00,9279070
256,ELLENSBORG,ELL,FREIGHTER,563504,138.50,21,8.00,9627,4261.00,PANAMA,17/10/2011,PANAMA,12731.00,9488061
257,ELSBORG,ELSO,FREIGHTER,507300,88.97,11.8,5.40,2281,1229.00,DELFZIJL,01/01/2010,NETHERLANDS,3609.00,9411771
258,ELSEBETH,EBETH,FREIGHTER,28813,151.99,23,6.00,10519,5406.00,PANAMA,,PANAMANIAN,10327.00,9175901
259,ELVIRA,EVIRA,FREIGHTER,28813,151.99,23,6.00,10532,5406.00,PANAMA,01/01/2000,PANAMA,10309.00,9202869
260,EM SPETSES,ESPET,FREIGHTER,28813,175.49,24,10.00,18321,10392.00,MONROVIA,,LIBERIA,23579.00,9403413
261,EMERALD,EMERALD,FREIGHTER,28813,151.99,23,8.00,10532,5406.00,PANAMA,01/01/2000,PANAMA,10346.00,9202857
262,EMERALD ETERNITY,EME,FREIGHTER,563504,199.90,32.26,13.52,36106,21206.00,,01/01/2021,MARSHALL ISLANDS,63591.00,9875630
263,EMERALD WATER OCEAN,EMERALDWO,CRUISE,563504,1.00,,,1,,,,,,
264,EMMA JANNEKE,MJAN,FREIGHTER,,115.48,16.5,5.70,5232,2382.00,GIBRALTAR,17/11/2005,GIBRALTAR,6399.00,9363508
265,EMSTAL,EMSTA,FREIGHTER,507300,87.90,12.9,5.49,2461,1369.00,MADEIRA,01/01/2007,PORTUGAL,3700.00,9356878
266,EMUNA,EMU,FREIGHTER,507300,89.95,15.330,5.63,2.99,1.65,WERKENDAM,01/01/2009,NETHERLANDS,4.50,9529188
267,EN AVANT 9,ENAV9,TUG,20162,22.50,7,3.00,134,,,,,180.00,9163910
268,ENA FRONTIER,ENA FRO,MISCELLANEOUS,20162,83.18,22.02,7.10,5418,,SINGAPORE,,SINGAPORE,,9427055
269,ENAK,ENAK,MISCELLANEOUS,COMDCK,55.25,25,3.00,1707,510.00,HAMBURG,01/03/1967,GERMAN,,6826858
270,ENGLISHMAN,ENGL,TUG,934842,24.40,9.15,3.00,248,97.00,HULL,01/11/2015,UNITED KINGDOM,97.00,9706023
271,ERASMUSGRACHT,ERGHT,FREIGHTER,20246,136.35,,8.00,8448,4651.00,AMSTERDAM,,NETHERLANDS,12754.00,9081368
272,ESMERALDA,ESDA,FREIGHTER,28813,151.99,23,8.00,10532,5406.00,PANAMA,,PANAMA,10358.00,9181170
273,ETRETAT,ET,FERRY,20212,186.40,25,6.00,26904,,,,,,9420423
274,EUROPA,EUR,CRUISE,20162,198.60,24.0,6.30,28890,9205.00,VALLETTA,01/07/2020,MALTA,2557.00,9183855
275,EUROPA 2,EUR2,CRUISE,20162,225.60,26,6.00,42830,,VALLETTA,,MALTA,5285.00,9616230
276,EUROSUND,ESUND,TUG,COMDCK,35.74,10,4.00,422,126.00,SVENDBORG,01/02/1979,DENMARK,246.00,7719698
277,EVEREST BAY,EVBAY,FREIGHTER,28813,141.00,20,8.00,8739,4085.00,MONROVIA,,,9692.00,8911073
278,EXPANSA,EPAN,FREIGHTER,28813,140.67,,6.00,9983,,SAINT JOHNS,,ANT&BARBUDA,12306.00,9429261
279,EXPEDITION,EXPN,CRUISE,20162,105.23,18,4.00,6334,1900.00,MONROVIA,,LIBERIA,965.00,7211074
280,EXPLORA I,EXPLORA I,CRUISE,20162,244.00,,,63900,,,,,,
281,EXTERNO,EXTNO,FREIGHTER,28813,140.66,23,8.00,9983,,SAINT JOHNS,05/12/2010,NETHERLANDS,12306.00,9429273
282,FAGELGRACHT,FAG,FREIGHTER,20246,137.00,18,8.00,8620,4398.00,AMSTERDAM,07/06/2009,DUTCH,12500.00,9428425
283,FARRA AOIFE,FARAA,MISCELLANEOUS,563504,26.40,9,1.72,105,105.00,JERSEY,,JERSEY,50.00,232040984
284,FAST HERMAN,FASH,FREIGHTER,563504,82.50,12.6,5.30,2474,1464.00,ANTWERP,01/01/2016,BELGIUM,3480.00,9345362
285,FAST JEF,FAJE,FREIGHTER,563504,87.95,12.53,4.64,2066,,ANTWERP,,BELGIUM,,9136101
286,FAST SAM,FAS,FREIGHTER,563504,89.99,12.5,4.54,1983,1061.00,ANTWERP,22/10/1993,BELGIUM,3204.00,9085455
287,FEGULUS,FEG,FREIGHTER,28813,150.10,,9.00,10374,5253.00,BARBADOS,,,10545.00,9055709
288,FILIA NETTIE,FIL,FREIGHTER,563504,89.95,13.75,4.35,2199,1161.00,WERKENDAM,18/04/2018,NETHERLANDS,2950.00,9488827
289,FLATHOLME,FLA,DREDGER,508011,24.00,8,2.00,0,0.00,,,,0.00,235014266
290,FLYING SPINDRIFT,FLY,TUG,57668,30.66,9,3.00,259,0.00,GLASGOW,01/01/1990,UK,0.00,
291,FOKKO UKENA,FOKKO,FREIGHTER,20162,88.63,12.5,5.14,2451,,SAINT JOHN'S,,ANTIGUA & BARBUDA,,9375812
292,FORCE INDIA,FOR,MISCELLANEOUS,20246,49.90,9,1.00,488,146.00,VALLETTA,01/03/2010,MALTA,0.00,9459541
293,FORCEFUL,FFUL,TUG,20191,15.00,4,2.00,99,99.00,,,,99.00,
294,FOREVER ONE,FORE,MISCELLANEOUS,20246,54.65,10,3.00,875,,CAYMAN ISLANDS,01/01/2018,,,9658721
295,FORTH JOUSTER,FORJ,MISC BARGE,COMDCK,26.00,11.5,2.35,255,76.00,LEITH,01/02/2008,UK,300.00,9513828
296,FRAM,FRA,CRUISE,20162,113.86,26,5.00,11647,3818.00,NARVIK,01/01/2007,NORWAY,984.00,9370018
297,FRANK BONEFAAS,BON,MISCELLANEOUS,20195,119.65,17.72,7.16,6.56,2.56,HULL,05/01/0094,UNITED KINGDOM,6.01,9074951
298,FRANKLIN,FLIN,MISCELLANEOUS,202362,55.61,11,3.00,1178,353.00,GOTHENBURG,21/10/1984,SWEDISH,1218.00,8301797
299,FRAUKE,FRU,FREIGHTER,563504,159.80,24.000,9.08,12,,SAINT JOHN'S,01/01/2008,ANTIGUA AND BARMUDA,12.00,9376488
300,FREEWAY,FWAY,DREDGER,20193,92.10,19,5.00,4320,1296.00,LIMASSOL,01/02/2015,CYPRUS,5950.00,9691682
301,FRI RIVER,FIV,FREIGHTER,507300,91.25,13.75,4.92,2548,,NASSAU,28/07/2000,BAHAMAS,3300.00,9224104
302,FRI SEA,FRIS,FREIGHTER,507300,91.25,14.0,5.21,2601,1428.00,NASSAU,01/09/2009,BAHAMAS,333.00,9229166
303,FRI SKIEN,FRIK,FREIGHTER,507300,89.25,,5.67,2780,1587.00,LIMASSOL,01/04/2015,CYPRUS,3740.00,9148192
304,FRIDTJOF NANSEN,F NANSEN,CRUISE,64766,140.00,23.6,5.50,21765,7545.00,TROMSO,09/12/2018,NORWAY,2206.00,9813084
305,FRIEDHELM,FRIE,FREIGHTER,20162,89.75,12.650,549.00,24518,1423.00,MADEIRA,01/03/2023,PORTUGAL,3803.00,9953951
306,FRIO ADRIATIC,FRI,FREIGHTER,28813,134.00,18,6.00,6964,5155.00,PANAMA,,,0.00,9076272
307,FRIO HELLENIC,FHEL,FREIGHTER,28813,148.00,21,9.00,10069,5579.00,PANAMA,01/01/1999,PANAMANIAN,11070.00,9081679
308,FRISIA KIEL,FKIEL,FREIGHTER,28813,207.52,29,11.00,25406,12538.00,MONROVIA,,LIBERIA,33847.00,9302437
309,FRYDERYK CHOPIN,FRY,MISCELLANEOUS,COMDCK,55.00,8,4.20,3.6,,,,,,
310,FUGRO COMMANDER,FUG,MISCELLANEOUS,20162,56.27,11,3.00,991,297.00,PANAMA,,PANAMA,1250.00,8109266
311,FUGRO MERIDIAN,FUGRO MER,MISCELLANEOUS,202362,72.52,13.8,5.96,2.26,677.00,NASSAU,01/01/1982,BAHAMAS,1.50,8101331
312,GALICIA,GAL,FERRY,20212,214.50,28.44,6.00,41863,,MORLAIX,,FRENCH,7700.00,9856189
313,GALLANT LADY,GALLANT,MISCELLANEOUS,78322,48.20,9.580,3.40,708,212.00,"DOVER, DE",01/01/1996,U.S.A,,8354653
314,GARGANO,GARG,MISCELLANEOUS,202362,72.00,16.03,6.00,2244,936.00,LONDON,01/01/2002,UNITED KINGDOM,3115.00,9249403
315,GARY CHOUEST,GARY,TUG,635040,84.12,18.290,7.01,3.97,1.19,GALLIANO LA,01/01/1998,U.S.A,4.13,9132313
316,GEEST SERVICE,GEEST SERVICE,FREIGHTER,28813,99.00,,,99,,,,,,
317,GEISE,GEI,FREIGHTER,507300,98.85,14.07,5.74,3198,1725.00,GIBRALTAR,26/02/2006,GIBRALTAR,4299.00,9195470
318,GEO OCEAN IV,GOIV,MISCELLANEOUS,202362,41.90,9.1,5.20,723,,LUXEMBOURG,,LUXEMBOURG,,8704858
319,GEORG STAGE,GOE,MISCELLANEOUS,507300,54.00,8,0.00,99,99.00,KOPENHAGEN,,DENISH,99.00,5128417
320,GEORGIA TRADER,GTRAD,FREIGHTER,28813,204.43,0,11.00,22801,11010.00,VALLETTA,,MATLA,30608.00,9357107
321,GEOSUND,GEO,MISCELLANEOUS,202362,98.50,18.84,7.60,4949,1485.00,BERGEN,,,3624.00,9232694
322,GERMANICA HAV,GERH,FREIGHTER,563504,82.48,11.3,4.20,1.55,737.00,ANTIGUA & BARBUDA,01/03/1984,RUSSIAN,2.29,8324672
323,GITANA,GITA,FREIGHTER,507300,95.30,13.4,5.80,3169,1680.00,LEMMER,01/01/2003,NETHERLANDS,5019.00,9259056
324,GLOBAL,OBAL,MISCELLANEOUS,78322,74.00,13.2,3.80,1906,571.00,CAYMAN ISLANDS,01/11/2013,,315.00,1008700
325,GLOMAR WORKER,GLO,MISCELLANEOUS,507300,60.00,15.6,5.00,1969,590.00,PANAMA,01/01/2006,,1200.00,9344227
326,GMS ENDURANCE 6101,GMS,MISCELLANEOUS,20162,76.00,36,6.00,5087,1526.00,PANAMA,01/09/2010,PANAMA,0.00,9558969
327,GOLDEN HORIZON,GHOR,CRUISE,20162,164.00,,,20000,,CROATIA,,,,9793545
328,GOLIATH,GOL,TUG,COMDCK,29.16,7,3.00,167,50.00,UK,01/01/1957,BRITISH,,8227214
329,GOTLAND,GOTL,FREIGHTER,507300,88.97,11.8,5.40,2281,1229.00,STADE,01/01/2006,,3577.00,9411824
330,GOUWESTROOM,GOU,TUG,20162,20.70,6,2.00,80,0.00,,,,0.00,8943569
331,GPS BATTLER,GPS,TUG,101128,22.00,9,2.00,90,0.00,LONDON,,UK,0.00,235073887
332,GRAND CANYON III,GC3,MISCELLANEOUS,202362,128.00,25,6.30,12433,,,,NORWAY,,9695963
333,GREEN ITALIA,GRE,FREIGHTER,28813,131.25,19,8.00,7743,3726.00,NASSAU,24/03/1994,BAHAMANIAN,7721.00,9045780
334,GREEN QUEST,GREEN,MISCELLANEOUS,507300,17.80,6.4,1.50,12,,,,,,
335,GREEN SELJE,GSEL,FREIGHTER,28813,109.00,18,7.00,5084,3163.00,NASSAU,01/10/2010,BAHAMAS,6120.00,8804529
336,GREG MORTIMER,GREGMORTIMER,CRUISE,20162,104.40,21.227,5.30,8035,2410.00,NASSAU,01/08/2019,BAHAMAS,1450.00,9834648
337,GRIETJE,GRIT,FREIGHTER,563504,151.65,20.66,7.85,8397,4178.00,SAINT JOHN'S,01/04/2007,ANTIGUA & BARBUDA,9360.00,9147708
338,GT AURIGA,GTAU,FREIGHTER,507300,84.95,13.03,5.44,2416,1022.00,SAINT JOHN'S,01/04/1993,ANTIGUA & BARBUDA,3582.00,9041318
339,GT FORSETI,GTF,FREIGHTER,507300,84.90,13,5.40,2416,1358.00,SAINT JOHNS,,ANTIGUA& BARBUDA,3602.00,
340,GT PIKE,GT PI,FREIGHTER,507300,88.60,12.50,5.42,3800,,SAINT JOHN'S,,NETHERLANDS,,9373278
341,GUARDSMAN,GMAN,TUG,566408,24.00,8,3.00,188,54.00,,,,0.00,9015826
342,GUILLAUME DE NORMANDIE,GDN,FERRY,20212,194.70,,,40000,,,,,,
343,GUNILLA,GUN,MISCELLANEOUS,507300,61.00,8,3.00,405,121.00,,01/01/1940,SWEDISH,546.00,5239515
344,HAAFJELL,HAA,FREIGHTER,507300,89.10,13.4,5.65,2768,1629.00,FLEKKEFJORD,,NORWAY,3714.00,
345,HAM 602,HAM,FUEL BARGE,202362,83.39,20,4.00,2601,780.00,NETHERLANDS,01/06/2019,,2691.00,8139388
346,HAMBURG,HAMBURG,CRUISE,423437,145.00,21,5.00,15067,5092.00,NASSAU,30/10/1996,BAHAMNIAN,1300.00,9138329
347,HAMMONIA EMDEN,HEMD,FREIGHTER,28813,210.00,30,11.00,26836,12743.00,MONROVIA,01/01/2006,GERMANY,34248.00,9326823
348,HAMMONIA HUSUM,HHUS,FREIGHTER,28813,210.00,30,11.00,26836,12743.00,MONROVIA,31/03/2006,,34253.00,9326835
349,HANNA L,HANL,FREIGHTER,507300,88.60,12.52,5.43,2545,,CYPRUS,01/11/2020,CYPRUS,3843.00,9370276
350,HANSA BREMAN,HBRE,FREIGHTER,28813,156.53,23,9.00,10842,6381.00,MONROVIA,,LIBERIA,12942.00,8802088
351,HANSA LUBECK,HLUB,FREIGHTER,20195,156.53,23,9.00,10842,6381.00,BRIDGETOWN,01/01/2014,BERDADOS,12942.00,8909068
352,HANSA RENDSBURG,HANSA,FREIGHTER,28813,175.58,27,10.00,18335,10744.00,MONROVIA,,LIBERIA,23992.00,9155377
353,HANSEATIC,HANS,CRUISE,20162,122.73,0,4.00,8378,2554.00,NASSAU,,GERMANY,1100.00,9000168
354,HARBOUR SPIRIT,HSPI,FERRY,20141,33.00,10,99.00,1,1.00,,,,0.00,9741669
355,HAV SNAPPER,HAVS,FREIGHTER,20162,88.30,12.5,4.61,1961,964.00,NASSAU,01/01/2009,,30114.00,9001813
356,HBC ACHIEVER,ACHI,MISCELLANEOUS,635040,36.00,11.15,3.09,487,146.00,GILLELEJE,01/02/2015,DENMARK (DIS),,9647978
357,HEBRIDEAN PRINCESS,HEBPRI,CRUISE,20162,72.00,14.10,2.74,2112,633.00,GLASGOW,01/01/1964,UNITED KINGDOM,240.00,6409351
358,HEBRIDEAN SKY,HEB,CRUISE,20162,90.60,15,4.00,4200,1263.00,NASSAU,13/04/1991,,645.00,8802882
359,HEENVLIET,HEENVLIET,FREIGHTER,20162,88.60,12.69,5.42,2549,1460.00,ROTTERDAM,01/01/2008,NETHERLANDS,3850.00,9536076
360,HELEN ANNA,HELA,FREIGHTER,507300,87.84,12.9,5.51,2452,1369.00,ST JOHNS,23/06/1998,,3650.00,9582867
361,HELLAS STREAM,HELLAS ST,FREIGHTER,28813,158.13,24.4,10.02,13049,5353.00,NASSAU,01/01/1991,,13930.00,9015187
362,HELMUT,HEL,FREIGHTER,28813,134.44,22,8.00,9981,6006.00,LIMASSOL,10/07/2006,,211272.00,9354466
363,HENDRIK-S,HEND,FREIGHTER,563504,82.50,12.4,5.34,2311,1305.00,KAMPEN,,NETHERLANDS,3200.00,9195391
364,HENDRIKA MARGARETHA,HENDM,FREIGHTER,507300,81.07,12.36,5.20,1999,1159.00,HASSELT,20/12/1992,NETHERLANDS,3200.00,9057238
365,HENNEKE RAMBOW,HEN,FREIGHTER,28813,134.44,22,8.00,9981,6006.00,HAMGURG,11/11/2006,GERMAN,11274.00,9354430
366,HENRIK S,HENRIK S,FREIGHTER,563504,129.49,19,8.70,8407,,,,,11169.00,9347633
367,HERANGER,HERA,FREIGHTER,28813,213.40,31.03,12.32,37150,14888.00,MAJURO,01/12/2021,,50198.00,9079121
368,HERITAGE ADVENTURER,HERADV,CRUISE,20162,124.00,,4.90,8378,2573.00,MADEIRA,01/12/2021,,1177.00,
369,HEYN,HEYN,FREIGHTER,507300,89.99,,5.25,2528,1053.00,,,NETHERLANDS,3500.00,9423671
370,HIBERNIA,HIB,TUG,20149,35.74,9,4.00,416,0.00,,,,0.00,7719686
371,HILKE,HIL,FREIGHTER,563504,133.94,23,7.80,11.47,3.83,ST JOHNS,01/01/2010,,10.05,9501875
372,HLV CANUTE,HLV,MISCELLANEOUS,37070,37.00,22,3.00,232,0.00,SOUTHAMPTON,,UK,0.00,
373,HMC SENTINEL,SENT,MISCELLANEOUS,121266,36.04,7,2.00,178,0.00,,,,0.00,8980426
374,HMS EXPLOIT,HMSEXP,MISCELLANEOUS,121266,24.00,8.00,,50,,,,,,
375,HMS FALKEN,FALK,MISCELLANEOUS,202362,40.00,8,4.00,99,99.00,SWEDEN,,SWEDEN,99.00,265070000
376,HMS RANGER,HMSRANG,MISCELLANEOUS,202362,24.00,8.00,,50,,,,,,
377,HMS SMITER,HMDSMI,MISCELLANEOUS,202362,24.00,8.00,,50,,,,,,
378,HONDURAS STAR,HON,FREIGHTER,28813,150.35,22,9.00,10629,4253.00,MONROVIA,01/01/1992,LIBERIA,10581.00,8906975
379,HONFLEUR,HONF,FERRY,20212,187.40,,,42400,,CAEN,,,,
380,HOOD ISLAND,HISL,FREIGHTER,28813,179.90,25,9.00,14061,6900.00,NASSAU,01/06/2011,BAHAMAS,14140.00,9059640
381,HOOGE,HOOGE,FREIGHTER,28813,161.35,25,9.90,15633,6717.00,GIBRALTAR,01/01/2006,GIBRALTAR,16986.00,9301122
382,HOPE BAY,HBAY,FREIGHTER,28813,143.00,22,7.00,8896,4365.00,PANAMA,,,0.00,9135169
383,HORNCAP,HCAP,FREIGHTER,28813,154.20,23,8.00,12887,3866.00,MONROVIA,01/02/2011,LIBERIA,9160.00,8802014
384,HORNCLIFF,HCLIF,FREIGHTER,28813,153.50,23,8.00,12887,3866.00,MONROVIA,01/06/2009,LIBERIA,9160.00,8912041
385,HSL SHEFFIELD,HSL SHEFF,FREIGHTER,28813,210.07,30,11.00,26833,12743.00,MONROVIA,16/08/2003,,34315.00,9275024
386,HYDRA,HYDR,FREIGHTER,507300,88.97,11.8,5.40,2281,1170.00,TEN BOER,01/01/2007,NETHERLANDS,3609.00,9356488
387,ICE GRACE,ICEGRACE,FREIGHTER,28813,144.60,23.6,10.00,12348,7984.00,MAJURO,,MARSHALL ISLANDS,14932.00,
388,ICELANDICA HAV,ICELANDIC,FREIGHTER,20162,82.45,11.38,4.22,1513,,NASSAU,,BAHAMAS,,8128884
389,IEVOLI AMBER,IEVO,MISCELLANEOUS,563504,83.83,,5.50,3.72,,,,,3.90,
390,IEVOLI COBALT,IEV,MISCELLANEOUS,20195,83.83,16,6.00,3715,1408.00,NAPLES,,ITALIAN,4000.00,9736872
391,IEVOLI IVORY,IVO,MISCELLANEOUS,20195,91.00,18.800,5.90,4,,,,,3.00,9703368
392,IJSSELDIJK,IJSS,FREIGHTER,507300,89.95,14.4,6.20,2984,1551.00,GRONINGEN,,NETHERLANDS,4891.00,9514913
393,ILMA,ILMA,CRUISE,20162,242.00,,,46750,,,,,,
394,INDIANA JONES,INJO,FREIGHTER,20162,104.80,16250,5.77,3826,2013.00,HAMBURG,,GERMANY,4402.00,8806149
395,INDUSTRIAL CENTURY,INDU,FREIGHTER,202362,119.80,20,7.72,7252,2982.00,SAINT JOHNS,,ANTIGUA & BARBUDA,8077.00,9253260
396,INDUSTRIAL SONG,IND,FREIGHTER,20195,147.00,22,8.00,11619,4391.00,MADEIRE,,PORTUGAL,12328.00,9750464
397,INFINITY,INFIN,MISCELLANEOUS,78322,117.00,16.10,,4978,,GEORGE TOWN,,CAYMAN FLAG,,9817896
398,INGEBORG PILOT,INGE,FREIGHTER,563504,88.45,11.35,4.95,2061,1161.00,KINGSTOWN,01/01/1994,ST VINCENT & THE GRE,3004.00,9108439
399,INTREPID,INTREP,MISCELLANEOUS,78322,69.15,11.20,3.35,1281,,GEORGE TOWN,,CAYMAN FLAG,,9733583
400,IRIS BLUE,IRISB,MISCELLANEOUS,78322,55.00,9.17,2.90,759,227.00,GEORGE TOWN,01/01/2024,CAYMAN ISLANDS,0.00,9944950
401,IRISHMAN,IRI,TUG,566408,24.00,8,3.00,188,54.00,,,UK,0.00,8816338
402,ISLAND FLYER,IFLY,MISCELLANEOUS,20191,22.00,10,1.00,99,99.00,UK,,,99.00,
403,ISLAND SKY,ISKY,CRUISE,20162,90.60,15,4.00,4200,1263.00,NASSAU,01/04/1992,UNITED STATES,480.00,8802894
404,ITALIA STREAM,ITAL STRE,FREIGHTER,28813,158.13,24,9.00,13049,5353.00,NASSAU,01/08/1992,BAHAMAS,13930.00,9030137
405,IVAR REEFER,IVA,FREIGHTER,20195,165.00,24,10.00,14406,6673.00,NASSAU,01/12/2011,BAHAMAS,16950.00,8819938
406,IVORY GIRL,IGIR,FREIGHTER,20195,154.00,24,9.00,11438,5901.00,PORT VILA,,VANUATA,10432.00,9143099
407,JACQUES CARTIER,JADQUES,CRUISE,202362,132.00,,,10700,,,,,,
408,JAMAICA BAY,JBAY,MISCELLANEOUS,507300,59.85,11,3.00,1143,0.00,GERMANY,,,231.00,1009936
409,JAMILA,JAM,FREIGHTER,28813,161.30,25,9.00,16137,6126.00,MONROVIA,01/04/2010,LIBERIA,17152.00,9477359
410,JAYNEE W,JAY,FUEL BARGE,20104,75.00,12,5.00,1689,776.00,HULL,,UK,0.00,9130896
411,JENNY M,JEN M,MISCELLANEOUS,20184,16.00,3,,1,,,,,,
412,JEWEL OF THE SEAS,JEWEL OF SEAS,CRUISE,20162,293.00,32.2,8.10,90090,,,,,,
413,JIF ARTEMIS,JIF,MISCELLANEOUS,507300,32.00,12,3.00,357,107.00,MARSEILLE,,FRANCE,0.00,
414,JML 5014,JML,MISC BARGE,979897,50.00,14.00,2.35,544,,,,,,
415,JORGEN REEFER,JOR,FREIGHTER,20195,164.33,24,10.00,14406,6673.00,NASSAU,,BAHAMAS,16950.00,9007489
416,JORK,ORK,FREIGHTER,563504,145.65,18.29,7.40,8059,3909.00,SAINT JOHN'S,30/11/2011,,10872.00,9535606
417,JRS CAPELLA,JCAP,FREIGHTER,28813,129.51,20,7.00,7661,3085.00,LIMASSOL,,CYPRUS,8261.00,93295564
418,JSP MISTRAL,JMIS,FREIGHTER,28813,138.15,21,7.00,8032,3615.00,SAINT JOHNS,23/02/2009,GERMANY,10316.00,9368041
419,JSP SKIRNER,SKIR,FREIGHTER,644009,139.00,22.850,8.80,9981,4900.00,,,ANTIGUA & BARBUDA,,9347798
420,JSP SLIDUR,JSPS,FREIGHTER,644009,134.40,22.5,8.70,9962,6006.00,MADEIRA,,PORTUGAL,11433.00,
421,KAPITAN KOKOVIN,KAPK,FREIGHTER,507300,82.50,12.600,5.30,2474,1464.00,ARKHANGEISK,,RUSSIA,3480.00,9279422
422,KAPITAN SAKHAROV,KAP,FREIGHTER,507300,82.50,12.60,5.30,2474,1464.00,ARKHANGELSK,26/05/2004,,3483.00,9279434
423,KARLA C,KARL,FREIGHTER,507300,106.07,15.5,6.65,4151,2323.00,MADEIRA,,PORTUGAL,6795.00,
424,KAROLINE,KAR,FREIGHTER,563504,86.53,12.8,5.55,2588,1376.00,SAINT JOHN'S,01/12/2006,ANTIGUA & BARBUDA,3345.00,9375874
425,KASKELOT,KAS,MISCELLANEOUS,500983,46.63,8,3.00,99,99.00,,,,0.00,5183120
426,KBB DUMMY SHIP,KBB,FREIGHTER,20099,99.00,99,99.00,99,99.00,,,,99.00,
427,KELT,KEL,FREIGHTER,507300,82.50,12.5,5.45,2409,993.00,GRONINGEN,,NETHERLANDS,3750.00,
428,KENDALL DUMMY SHIP,KEN,FREIGHTER,20139,99.00,9,99.00,99,99.00,,,,99.00,
429,KIM K,KIM,TUG,20162,22.00,9,3.00,135,0.00,,,NETHERLANDS,187.00,9470181
430,KINGSTON,KIN,TUG,28813,26.90,6,3.00,113,,,01/01/1963,UNITED KINGDOM,,5344437
431,KITHNOS,KIT,FUEL BARGE,202362,90.22,15,6.00,3220,4600.00,,,,4600.00,9371268
432,KLARA,KLARA,FREIGHTER,563504,166.15,22.9,9.80,15.549,6.09,MADEIRA,,PORTUGAL,19.36,9467160
433,KLIPPER STREAM,KLI,FREIGHTER,28813,150.00,22,9.00,9305,4983.00,SCHEVENINGEN,,NETHERLAND,5022.00,9167796
434,KNUD REFFER,KNU,FREIGHTER,20195,164.33,24,10.00,14406,6673.00,NASSAU,01/12/2011,BAHAMAS,16950.00,8903167
435,KUPER,KUPER,FREIGHTER,507300,89.25,13.3,,2891,,,,,,
436,L'AUSTRAL,L'AUSTRAL,CRUISE,202362,142.10,18,4.70,10944,,MATA UTU,,FRENCH,1441.00,9502518
437,LADY ROSE,LAD,FREIGHTER,28813,143.00,22,9.00,9576,5562.00,PANAMA,01/09/2009,PANAMA,10630.00,9355032
438,LAFJELL,LAF,FREIGHTER,563504,89.25,13.30,6.12,2891,,FLEKKEFJORD,,NORWAY,,
439,LAS PALMAS,LAS,FREIGHTER,28813,127.96,20,7.00,7360,3085.00,MADEIRA,23/07/2001,PORTUGUESE,3814.00,9216834
440,LE BOREAL,LE,CRUISE,202362,142.00,20,4.00,10944,3427.00,MATA-UTU,01/01/2004,FRENCH,1441.00,9502506
441,LE COMMANDANT CHARCOT,COMMANDANT CHARCOT,CRUISE,202362,149.90,,,30956,,,,,,
442,LE DUMONT D'URVILLE,LE DUMONT,CRUISE,202362,131.00,18,99.00,9900,,,,,,9814052
443,LE SOLEAL,LES,CRUISE,202362,142.10,20,4.00,10992,3440.00,MATA-UTU,06/12/2012,FRENCH,1441.00,9641675
444,LEANDER G,LEA,MISCELLANEOUS,20246,75.00,13,4.00,1930,579.00,HAMILTON,01/12/1992,BERMADU,0.00,1002445
445,LEISURE SCENE,LEIS,FERRY,20184,31.00,,,259,103.00,SOUTHAMPTON,,BRITISH,,
446,LENNEBORG,LENN,FREIGHTER,635040,108.17,18.47,7.01,5598,2883.00,DELFZIJL,12/03/2008,NETHERLANDS,8112.00,9421075
447,LIAMARE,LIA,FREIGHTER,507300,107.00,15.3,6.20,4112,2267.00,MAARTENSDIJK,,NETHERLANDS,5842.00,
448,LILBO,LILB,FREIGHTER,507300,82.50,12.6,5.28,2190,1051.00,SAINT JOHNS,01/01/1989,ANTIGUA & BARBUDA,3292.00,8818623
449,LINDAUNIS,LIN,FREIGHTER,28813,151.72,23.4,8.00,10585,5372.00,MONROVIA,,LIBERIA,12850.00,9483334
450,LINTAN,LINTA,FREIGHTER,563504,180.03,30.32,10.70,24785,13033.00,HONG KONG,01/01/2015,,39641.00,9715206
451,LISA,LIS,FREIGHTER,28813,137.50,21,7.00,7519,3570.00,SAINT JOHNS,06/09/2003,,8645.00,9287704
452,LISA D,LISD,FREIGHTER,563504,73.72,11.71,3.65,1162,585.00,ST JOHNS,27/01/1984,ANTIGUA & BARBUDA,1685.00,8205187
453,LISTERVIK,LIST,FREIGHTER,507300,89.96,13.6,5.71,2863,1394.00,TORSHAVN,,FAROE ISLANDS,3904.00,9136216
454,LOMBOK STRAIT,LOMBOK ST,FREIGHTER,28813,167.00,25,9.00,14413,7536.00,VALLETTA,01/01/2002,MALTESE,15917.00,9204958
455,LORD NELSON,LOR,MISCELLANEOUS,343839,52.20,8,4.00,368,110.00,SOUTHAMTON,,UK,0.00,1002495
456,LOUIS AURA,LOU,CRUISE,202362,160.11,22,6.00,15781,6919.00,VALLETA,01/05/1968,,2516.00,6821080
457,LS ANNE,LSA,MISCELLANEOUS,202362,105.50,17,6.00,3992,1819.00,GIBALTAR,01/08/2008,GIBRALTAR,5757.00,9418925
458,LUZON STRAIT,LUZON ST,FREIGHTER,28813,167.00,25,8.00,13700,4230.00,MONROVIA,01/01/2002,LIBERIA,11120.00,9204960
459,M/T PAXOI,MTP,FUEL BARGE,202362,102.70,17,6.00,4599,1958.00,MONROVIA,06/04/2009,,0.00,9382190
460,M/Y A,MYA,MISCELLANEOUS,20246,119.00,18,5.00,5959,1787.00,HAMILTON,01/01/2008,,1126.00,1009340
461,M/Y SCOUT,SCOUT,MISCELLANEOUS,78322,64.00,,3.30,1416,,,,,,
462,MAASHOLM,MAA,FREIGHTER,28813,151.72,23.4,8.00,10585,5372.00,MONROVIA,,LIBERIA,12850.00,9483346
463,MAERSK AHRAM,MAHR,FREIGHTER,28813,155.00,25,9.00,14557,7661.00,ALEXANDRIA,,EGYPT,17728.00,9164225
464,MAERSK BERWICK,MBER,FREIGHTER,28813,210.00,30,11.00,27093,12686.00,MAJURO,15/01/2002,,34622.00,9236638
465,MAERSK NEWBURY,MRSK NEWB,FREIGHTER,28813,210.00,30,11.00,26528,12715.00,SINGAPORE,,,34662.00,9231470
466,MAERSK NEWCASTLE,MNCAS,FREIGHTER,28813,210.00,30,11.00,26626,12.00,SINGAPORE,01/02/2001,DENMARK,34627.00,9215878
467,MAERSK NEWHAVEN,MRSK NHAV,FREIGHTER,28813,210.07,30,11.00,26718,12715.00,SINGAPORE,01/04/2001,DENMARK,34677.00,9215880
468,MAERSK NIAGARA,MRSK NIAG,FREIGHTER,28813,210.10,30.230,11.50,26.84,12.74,,,,33.43,
469,MAERSK NIAMEY,MRSK NIMY,FREIGHTER,28813,210.09,30.23,11.50,26836,12743.00,HONG KONG,,CHINA,33413.00,
470,MAERSK NIENBURG,MRSKNIENB,FREIGHTER,28813,210.00,30.230,11.50,26.84,,,,,33.46,
471,MAERSK NIJMEGEN,MRSK NIJM,FREIGHTER,28813,210.10,30,11.00,26836,12743.00,HONG KONG,22/05/2009,CHINA,3345.00,9434929
472,MAERSK NIMES,NIM,FREIGHTER,28813,210.09,30.23,11.50,26836,12743.00,HONG KONG,04/09/2009,,33447.00,9434931
473,MAERSK NITEROI,MRSK NITE,FREIGHTER,28813,210.09,30.23,11.50,26836,12743.00,HONG KONG,,CHINA,33411.00,
474,MAERSK NORTHAMPTON,MAENORTH,FREIGHTER,28813,210.00,30,11.00,26718,12715.00,SINGAPORE,25/09/2001,DANISH,34677.00,9215919
475,MAERSK NORTHWOOD,MNWOOD,FREIGHTER,28813,210.00,30,11.00,26582,12715.00,SINGAPORE,27/05/2006,,34627.00,9222118
476,MAERSK NORWICH,MNWICH,FREIGHTER,28813,210.00,30,11.00,26671,12679.00,SINGAPORE,27/05/2006,,34396.00,9301926
477,MAERSK NOTTINGHAM,MNOTT,FREIGHTER,28813,210.00,30,11.00,26833,12743.00,MONROVIA,,LIBERIA,34300.00,9275050
478,MAERSK SERVICE,MAERSK SERVICE,FREIGHTER,28813,99.00,,,99,,,,,,
479,MAERSK VISTULA,MVIST,FREIGHTER,28813,200.00,35,11.00,34882,16947.00,COPENHAGEN,,DENMARK,40000.00,9775737
480,MAGDALENA,MAGD,FREIGHTER,507300,88.29,13.2,5.46,2371,1434.00,,,ANTIGUA & BARBUDA,4247.00,8822600
481,MAGELLAN,MAG,CRUISE,20162,221.57,28,7.00,46052,24545.00,NASSAU,01/06/1985,,7186.00,8217881
482,MAIDEN CASTLE,MACA,TUG,1379997,30.52,10.00,4.10,314,94.00,PORTLAND,10/12/1992,UNITED KINGDOM,166.00,9054353
483,MAJESTY OF THE SEAS,MOTS,CRUISE,20162,268.00,,,73941,,,,,,
484,MANU PEKKA,MPEK,DREDGER,20193,47.93,15,15.00,0,680.00,,,,3.00,212701000
485,MARCO POLO,MPOLO,CRUISE,20162,176.28,23,8.00,22080,9081.00,NASSAU,01/01/1965,NORWEGIAN,5180.00,6417097
486,MARCUS,MARC,FREIGHTER,20162,87.90,12.8,5.45,2461,1369.00,ANTWERP,01/06/2021,,3712.00,9313656
487,MARELLA CELEBRATION,MARELLA,CRUISE,110214,215.00,27.26,7.70,33933,16050.00,VALLETTA,01/01/1984,MALTA,4243.00,8027298
488,MARELLA EXPLORER,MAREXP,CRUISE,110214,262.00,,,76998,,VALLETTA,,,,9106297
489,MARELLA EXPLORER 2,MAREXP2,CRUISE,110214,248.00,32.23,7.82,71545,,VALLETTA,01/01/1995,MALTA,,9072446
490,MARELLA TENDER,MAT,MISCELLANEOUS,110214,21.00,,,18,,,,,,
491,MARFET NIOLON,MARFET NIOLON,FERRY,20162,123.00,19,,7395,,,,LUXEMBORG,5282.00,8912388
492,MARIANNE,MAR,FREIGHTER,28813,210.07,30,11.00,26718,12715.00,SINGAPORE,01/07/2001,DENMARK,34723.00,9215907
493,MARIETJE HESTER,MARHE,FREIGHTER,507300,82.50,12.5,5.45,2409,993.00,DELFZIJL,01/04/2005,NETHERLANDS,3200.00,9279032
494,MARINA,MARINA,CRUISE,20162,238.00,,7.60,66084,28485.00,MAJURO,01/04/2010,MARSHALL ISLANDS,8676.00,9438066
,,,,,,,,,,,,,,
495,MARKEB,MKEB,MISCELLANEOUS,202362,72.00,13,4.00,1594,478.00,PANAMA,,,1167.00,7424724
496,MARKSMAN,MARKSMAN,TUG,566408,24.50,11.3,3.50,268,80.00,,,,150.00,
497,MARTEN,MARTEN,FREIGHTER,507300,89.86,,5.65,2589,,LIMASSOL,01/05/2012,CYPRUS,3801.00,9617337
498,MAX WINNER,MWIN,FREIGHTER,28813,161.30,25,0.00,16162,0.00,MALTA,,MALTA,17350.00,9396610
499,MEIN SCHIFF 3,MS3,CRUISE,20162,294.00,35.8,8.25,99700,63078.00,VALLETTA,01/05/2014,MALTA,7900.00,9641730
500,MELLINA,MELL,FREIGHTER,1861492,94.40,16.95,6.00,3442,1032.00,ANTWERP,01/02/2023,BELGIUM,5150.00,9260689
501,MERCS JAFFNA,MJAF,FREIGHTER,28813,160.84,25,9.00,15636,6715.00,COLOMOBO,01/11/2010,SRI LAKA,16908.00,9431331
502,MERI,MER,FREIGHTER,563504,105.40,18.8,4.00,3360,,FINLAND,,,4835.00,9622502
503,MIDAS,MID,FERRY,163081,108.52,17.47,5.97,5873,,BRANDO,,FINLAND,,
504,MILA,MILA,FREIGHTER,507300,89.99,12.58,5.43,2528,,ALKMAAR,,NETHERLANDS,,9331335
505,MIMMI SCHULTE,MIMMI S,FREIGHTER,28813,188.85,30,10.00,27279,10008.00,SINGAPORE,01/08/2017,SINGAPORE,30205.00,9743473
506,MINERVA,MINERVA,FREIGHTER,20162,188.79,30.475,10.50,27.279,10.02,SINGAPORE,01/01/2015,SINGAPORE,30.08,9694426
507,MIRIAM,MIR,FREIGHTER,20162,140.59,21.800,7.34,7852,3285.00,ST JOHNS,03/04/2008,,9300.00,9436202
508,MITO,MIT,FREIGHTER,644009,147.80,23.25,8.50,9910,5032.00,SAINT JOHNS,,ANTIGUA & BARBUDA,13760.00,
509,MITSUI OCEAN FUJI,MITSUI OCEAN FUJI,CRUISE,644009,198.00,,,32477,,,,,,
510,MN TOUCAN,MNTO,FERRY,163081,116.07,20,5.00,9125,2737.00,MARSEILLE,28/07/1995,FRENCH,4253.00,9112466
511,MOGAMBO,MOG,MISCELLANEOUS,CASH,73.42,12,3.00,1682,509.00,GEORGE TOWN,,,0.00,9560780
512,MONJASA PROMOTER,MONPRO,FUEL BARGE,20162,83.40,12.94,5.65,2143,967.00,MONTOVIA,20/06/2008,,3600.00,9341421
513,MONJASA PROVIDER,MONJ,FUEL BARGE,20162,95.82,14,6.00,2889,1384.00,VALLETTA,07/05/2005,NORWEGIAN,4279.00,9327281
514,MONT ST MICHEL,MSM,FERRY,20212,173.15,28,6.00,34800,36000.00,CAEN,01/01/2002,FRANCE,7500.00,9238337
515,MOSELDIJK,MOS,FREIGHTER,507300,89.95,14.4,6.21,2967,1601.00,GRONINGEN,01/06/2010,NETHERLANDS,4927.00,9377913
516,MOVEMENT RESTRICTION,XXXXX,MISCELLANEOUS,507300,99.00,,,1234,,,,,,
517,MOVEMENT RESTRICTION1,XXXXXX,MISCELLANEOUS,507300,1.00,,,999,,,,,,
518,MPR3,MPR,MISC BARGE,202362,31.90,11,2.00,312,93.00,ROTTERDAM,01/11/2010,NETHERLANDS,,9611539
519,MTS INDUS,MIND,TUG,506212,25.26,6,3.00,97,0.00,,,UK,0.00,8884830
520,MTS VALOUR,MVAL,TUG,COMDCK,23.00,0,0.00,999,0.00,,,,0.00,9407299
521,MTS VIGILANT,MVIG,TUG,28813,30.08,9,3.00,309,92.00,KINGSTOWN,01/04/2009,UK,184.00,9533969
522,MTS VISCOUNT,MVIS,TUG,20195,35.01,10,4.00,369,110.00,NETHERLANDS,,,318.00,7610012
523,MUSKETIER,MUSKETIER,FREIGHTER,248689,88.60,12.52,4.70,2545,,GIBRALTAR,,UNITED KINGDOM,3850.00,9369514
524,MV ISARTAL,MV ISARTAL,FREIGHTER,507300,87.82,,5.59,2461,1369.00,MADEIRA,01/01/2005,PORTUGAL,3711.00,9313670
525,MY AVANTI,AVA,MISCELLANEOUS,78322,74.00,12,3.80,1790,,MAJURO,,MARSHALL ISLAND,,9860764
526,MY GAMECHANGER,MYG,CRUISE,CASH,69.15,11.48,3.35,1371,411.00,BIKINI,,MARSHALL ISLANDS,501.00,
527,MY GOLDEN ODYSSEY,MYGO,MISCELLANEOUS,78322,124.00,20,4.80,7690,,BERMUDA,,,700.00,9648788
528,MY MARIA,MYMAR,MISCELLANEOUS,20246,67.00,10,3.00,1200,360.00,JALUIT,27/01/2005,,0.00,1008774
529,MY MUSASHI,MMUS,MISCELLANEOUS,20246,87.78,13,4.00,2463,738.00,GEORGE TOWN,,NETHERLANDS,99.00,1010131
530,MY SONG,MSON,MISCELLANEOUS,CASH,40.00,8,5.00,99,99.00,,,UK,99.00,
531,NAB HOPPER BARGE,NHB,MISCELLANEOUS,575968,43.25,9,2.00,292,87.00,POOLE,01/04/1978,UK,525.00,895196
532,NARRATIVE,NARRATIVE,CRUISE,575968,226.00,,,55000,,,,,,
533,NAXOS,NAX,FUEL BARGE,202362,90.22,15,6.00,3220,1327.00,MONROVIA,,LIBERIA,4626.00,9371335
534,NEDERLAND REEFER,NED REEF,FREIGHTER,28813,158.13,24,10.00,13049,5353.00,NASSAU,01/01/1991,BAHAMAS,13958.00,9015199
535,NEEDLES,NEE,MISC BARGE,575968,43.97,8,2.00,292,87.00,POOLE,01/01/1979,UK,525.00,8995201
536,NEW HAMPSHIRE,NHAP,MISCELLANEOUS,CASH,59.50,11,5.00,1011,303.00,DOUGLAS ISLE,01/06/2016,ISLE OF MAN,204.00,108554
537,NEWTON,NEW,FREIGHTER,563504,74.93,10.6,3.37,1307,413.00,SAINT JOHNS,,ANTIGUA & BARBUDA,1529.00,
538,NG ENDURANCE,NG ENDURANCE,CRUISE,20162,124.00,,,12786,,,,,,
539,NG EXPLORER,NGEX,CRUISE,20162,112.00,16,8.00,6471,1942.00,NASSAU,22/05/1982,BAHAMAS,774.00,8019356
540,NG ORION,NGOR,CRUISE,20162,102.70,14,4.00,3984,1240.00,NASSAU,01/05/2003,BAHAMAS,668.00,9273076
541,NGONI,NGO,MISCELLANEOUS,CASH,58.00,9.54,5.30,396,,JERSEY,21/05/2020,JERSEY,1024.00,1013042
542,NICO,NICO,MISCELLANEOUS,177364,38.82,9,1.00,417,132.00,KLINTEBJERG,01/04/2007,DENMARK,0.00,8916853
543,NINA,NINA,FREIGHTER,507300,104.55,13.6,6.18,3289,1879.00,LIMASSOL,01/01/2003,CYPRUS,5751.00,9277278
544,NOBLEMAN,NOB,TUG,934842,24.39,9.15,5.10,145,0.00,HULL,,UNITED KINGDOM,83.00,9655901
545,NOORDDIJK,NOOD,FREIGHTER,563504,122.20,19.8,7.20,7580,3050.00,GRONINGEN,01/02/2020,,9214.00,9591820
546,NORA B,NORA B,TUG,28813,36.00,15,99.00,1,,,,NETHERLANDS,,9851270
547,NORDANA EMILIE,NORE,FREIGHTER,423437,138.19,21,8.00,9611,4260.00,ST JOHNS,01/01/2005,GERMAN,12714.00,9312169
548,NORDIC,NORDIC,FREIGHTER,563504,92.20,15,5.00,2989,896.00,URK,01/04/2013,NETHERLANDS,,9663001
549,NORDIC HAMBURG,NHA,FREIGHTER,28813,151.72,23,8.00,10585,5327.00,LIMASSOL,01/05/2010,GERMAN,13000.00,9514755
550,NORDIC LUEBECK,NOR,FREIGHTER,28813,151.72,23.4,8.00,10318,5391.00,MONROVIA,23/02/2011,,13200.00,9483683
551,NORMA D,NORD,DREDGER,20193,27.00,9,1.00,88,33.00,,,,0.00,232003935
552,NORMAN ASTURIAS,NORA,FERRY,90308,186.62,25,6.00,27414,8.00,BARI,,ITALY,7.00,
553,NORMAND PACIFIC,NORP,MISCELLANEOUS,20162,122.40,23,7.30,9778,2934.00,SKUDENESHAVN,,NORWAY,6700.00,9491977
554,NORMANDIE,ND,FERRY,20212,161.40,26,5.00,27541,16833.00,CAEN,15/05/1992,FRENCH,0.00,9006253
555,NORMANDIE EXPRESS,NEX,WAVE PIERCING CRAFT,20212,97.22,26,3.00,6581,2514.00,,,,750.00,9221358
556,NORWEGIAN STAR,NORWEGIAN STAR,CRUISE,20162,294.00,,,91740,,,,,,
557,NOVA K,NOV,TUG,20162,31.80,11,2.00,288,0.00,,,,0.00,9352365
558,OCEAN ADVENTURER,OADV,CRUISE,20162,100.01,16,4.00,4617,1443.00,NASSAU,19/04/1975,,1465.00,7391422
559,OCEAN ALBATROS,OCEANALBATROS,CRUISE,64766,104.40,21.227,5.30,8500,2368.00,NASSAU,01/03/2023,BAHAMAS,1613.00,9880661
560,OCEAN DIAMOND,OCEANDMND,CRUISE,20162,124.00,16.0,4.90,8282,,,,,,
561,OCEAN DIAMOND ZODIAC,ODZ,MISCELLANEOUS,20162,2.00,,,0,,,,,,
562,OCEAN DRAGON,ODRAG,MISCELLANEOUS,496227,25.50,7,2.00,148,0.00,,,,0.00,
563,OCEAN MAJESTY,OMAJ,CRUISE,423437,130.64,19,5.00,10417,4189.00,MADEIRA,,PORTUGAL,1031.00,6602898
564,OCEAN NOVA,ONOV,CRUISE,461744,72.80,11,7.00,2183,786.00,NASAU,,BAHAMAS,163.00,8913916
565,OCEAN ODYSSEY,OCEAN ODYSSEY,CRUISE,20162,104.40,,,0,,,,,,
566,OCEAN PROMISE,OPRO,FREIGHTER,28813,210.07,30,11.00,26718,12715.00,LONDON,03/03/2001,UK,34677.00,9215892
567,OCEAN SCENE,OCE,FERRY,20184,29.99,,,180,,SOUTHAMPTON,,BRITISH,,8633865
568,OCEANIC,OCNC,FREIGHTER,563504,92.20,15.000,4.90,2989,896.00,URK,,NETHERLANDS,3000.00,9624550
569,ONEGO BAYOU,ONE,FREIGHTER,563504,145.63,18.290,7.35,7,3.00,ANTIGUA AND BARMUDA,,,,9369069
570,ONEGO ELBE,ONEELB,FREIGHTER,20195,145.63,18.29,7.40,7878,3909.00,SAINT JOHNS,01/01/2008,ANTIGUA & BARBUDA,11083.00,9438573
571,OPAL,OPLA,TUG,20162,59.25,14,4.00,1678,503.00,VALLETTA,01/01/2009,,1337.00,9489479
572,OPDR CADIZ,OCAD,FREIGHTER,28813,127.94,20,7.00,7360,3085.00,MADEIRA,16/05/2002,`PORTUGESE,3822.00,9216858
573,OPDR TENERIFE,OTEN,FREIGHTER,28813,127.95,0,7.00,7360,3085.00,LIMASSOL,01/01/2002,CYPRUS,8400.00,9216846
574,OPERA,OPE,MISCELLANEOUS,78322,146.35,20,6.00,12518,,GEORGE TOWN,01/02/2023,CAYMAN ISLANDS,900.00,1012933
575,ORION,ORION,FREIGHTER,644009,98.68,,5.91,2.98,1.31,SNEEK,01/01/1998,NETHERLANDS,4.85,9143415
576,OTTO SVERDRUP,OTTOSVER,CRUISE,64766,138.50,21.5,5.15,15690,5624.00,TROMSO,08/12/2015,NORWAY,945.00,9231951
577,PACHUCA,PACH,FREIGHTER,20162,139.81,19.4,7.29,6901,3575.00,MADEIRA,,,9235.00,
578,PACIFIC CONSTRUCTOR,PAC,FREIGHTER,202362,115.40,22,7.10,8133,2364.00,SINGAPORE,,SINGAPORE,6480.00,
579,PACIFIC MERMAID,PACIFIC M,FREIGHTER,28813,141.80,22.8,8.81,9.82,3.54,MONROVIA,01/01/1992,LIBERIA,10.47,9045924
580,PACIFIC REEFER,PREEF,FREIGHTER,423437,175.72,,9.00,14505,7580.00,MONROVIA,,LIBERIA,17322.00,9179268
581,PATRIA,PAT,FREIGHTER,507300,82.38,12.5,4.20,2210,,,,,3519.00,
582,PEAK BELFAST,PBE,FREIGHTER,563504,89.95,14,6.80,2978,,HARLINGEN,01/03/2010,NETHERLANDS,3931.00,9544891
583,PEAK BERGEN,PBER,FREIGHTER,563504,89.95,14.0,5.54,2978,1384.00,HARLINGEN,01/01/2010,NETHERLANDS,3931.00,9544932
584,PEAK BREMEN,PBREM,FREIGHTER,563504,89.95,14.1,5.80,2978,1384.00,HARLINGEN,01/09/2022,NETHERLANDS,,
585,PELICAN,PEL,FERRY,20212,154.50,22.7,6.96,12076,3623.00,,,FRANCE,8847.00,9170999
586,PENGALIA,PENG,FREIGHTER,644009,129.60,20.6,7.40,7545,3165.00,MADEIRA,,PORTUGAL,8267.00,9440588
587,PERSEUS J,PRSJ,FREIGHTER,28813,140.38,23,8.00,10965,4714.00,LIMASSOL,02/04/2008,GERMAN,12558.00,9371414
588,PHILEMON,PMON,FREIGHTER,28813,157.69,23,8.00,11550,5839.00,SAINT JOHNS,16/03/2010,GERMAN,14483.00,9412517
589,PHOENIX,PHOEN,MISCELLANEOUS,78322,40.80,8.3,2.14,386,115.00,AVATIU,01/01/2021,COOK ISLANDS,75.00,9944510
590,PHRYNE,PYNE,MISCELLANEOUS,CASH,49.80,10,3.00,436,,,,,,
591,PINK GIN,PINK GIN,MISCELLANEOUS,20246,53.85,,4.50,219,,,,,,
592,POLAR STREAM,PSTREAM,FREIGHTER,423437,154.00,24,9.00,11417,5966.00,GRONINGEN,01/02/1999,NETHERLANDS,10449.00,9189885
593,POLARLIGHT,PLIGHT,FREIGHTER,423437,154.00,24,9.00,11417,5966.00,MONROVIA,,LIBIAN,,9189873
594,PONT AVEN,PA,FERRY,20212,184.30,30,6.00,41748,,,,FRANCE,4750.00,9268708
595,PONTOON 1,POTN1,MISCELLANEOUS,20191,55.00,6,1.00,100,,,,,,
596,PONTOON 2,PONT2,MISC BARGE,20191,38.00,10.5,1.00,100,,,,,,
597,POWER PLAY,POW,MISCELLANEOUS,20246,55.70,10.1,3.30,489,146.00,GEORGE TOWN,04/09/2018,,300.00,9781401
598,PREGOL HAV,PREG,FREIGHTER,507300,82.60,11.38,4.22,1616,758.00,SAINT JOHNS,09/02/1985,ANTIGUA & BARBUDA,2291.00,8519239
599,PRINCESS CAROLINE,PCARO,MISCELLANEOUS,821076,30.00,,2.00,10,10.00,,,,,8326357
600,PRINCESS DAPHNE,PDAP,CRUISE,202362,162.39,21,7.00,15833,5572.00,MADEIRA,01/10/2005,PORTUGAL,3610.00,5282627
601,PRISCILLA,PRIS,FREIGHTER,507300,88.97,11.8,5.00,2281,1229.00,ROTTERDAM,,NETHERLANDS,3250.00,9411745
602,PULLMOOR,PULL,TUG,COMDCK,26.83,7.220,3.65,133,,LONDON,01/01/1984,UNITEDKINGDOM,78.00,8314574
603,QUEEN ESTER,QUEST,MISCELLANEOUS,426653,49.16,6,2.00,191,76.00,,,,,
604,RDJ JOHANNA,RDJ JOHANNA,FREIGHTER,507300,82.50,12.4,5.30,2.31,1.31,ROTTERDAM,01/01/2001,NETHERLANDS,3.15,9195418
605,RED JET 7,RED JET 7,FERRY,523658,40.88,10.87,1.31,353,124.00,UNITED KINGDOM,,BRITISH,31.46,9838321
606,REEF CHIEF,REEF,MISCELLANEOUS,78322,49.86,8,2.00,476,142.00,GEORGE TOWN,01/01/2008,AMERICAN,130.00,9537458
607,REGAL BAY,REG,FREIGHTER,28813,151.00,22.5,8.20,10375,,,,,10520.00,311907000
608,RENAISSANCE,RENAISSAN,CRUISE,20162,219.00,30.832,7.72,55575,26172.00,HAMILTON,01/09/2020,BERMUDA,7406.00,8919257
609,RESILIENT LADY,RESILIENT,CRUISE,20162,278.00,,,110000,,,,,,
610,REVELRY,REVELRY,MISCELLANEOUS,78322,52.30,9.4,3.15,672,201.00,BLOODY BAY,01/01/2012,CAYMAN ISLANDS,,1011111
611,REYNAERT,RNRT,DREDGER,20193,97.50,21,,5005,,FLUSHING,,NETHERLANDS,8327.00,9360726
612,RFA MOUNTS BAY,RFAMBAY,MISCELLANEOUS,COMDCK,176.60,32.2,5.10,23569,,LONDON,,UNITED KINGDOM,,9240770
613,RICHELIEU,RICH,FREIGHTER,507300,88.60,12.52,5.42,2545,1460.00,GIBRALTAR,01/03/2007,GIBRALTAR,3850.00,9369526
614,RIG,RIG,FREIGHTER,507300,87.00,13,5.07,2351,1149.00,MALTA,,,3200.00,8801137
615,RIGI VENTURE,RIGI VENT,MISCELLANEOUS,563504,199.00,32,9.70,36336,,HONG KONG,10/01/2022,HONG KONG,63500.00,9693197
616,RIO THELON,RTHEL,FREIGHTER,28813,210.06,30,11.00,26833,12743.00,MONROVIA,19/04/2004,LIBERIA,31314.00,9283708
617,RIVERMAN,RIV,TUG,566408,24.39,9.15,4.42,196,136.00,HULL,01/05/2022,UK,113.00,9513165
618,RIVIERA,RIVIERA,CRUISE,20162,239.00,32.18,7.60,66084,29187.00,MAJURO,01/04/2012,MARSHALL ISLANDS,7662.00,9438078
619,RIX ATLANTIC,RIXA,FREIGHTER,563504,87.95,12.39,5.60,2451,1294.00,LIMASSOL,,CYPRUS,3793.00,9194270
620,RIX BAY,RIXBAY,FREIGHTER,507300,90.12,50.2,5.64,2993,1593.00,LIMASSOL,01/06/2020,,4279.00,9017410
621,RIX EMERALD,RIX,FREIGHTER,563504,84.96,11.35,4.95,2061,1161.00,LIMASSOL,01/01/1995,CYPRUS,3001.00,9116802
622,RIX GULF,RIXG,FREIGHTER,563504,92.00,15,6.59,2982,1866.00,MADEIRA,01/01/2008,PORTUGAL,5400.00,9396701
623,RIX MISTRAL,RIM,FREIGHTER,507300,87.97,12.8,5498.00,2446,1369.00,LIMASSOL,30/01/1997,CYPRUS,3747.00,9173513
624,RIX PARTNER,RIXP,FREIGHTER,563504,87.98,12.95,5.49,2446,1369.00,MADEIRA,,PORTUGAL,3723.00,
625,RIX RIVER,RIXRI,FREIGHTER,563504,87.78,12.8,5.50,2.45,1.37,LIMASSOL,01/01/2018,CYPRUS,3.70,9065984
626,RIX RUBY,RIXRUBY,FREIGHTER,563504,91.46,,5.80,2.82,1.54,LIMASSOL,,CYPRUS,4.22,9114701
627,RIX WARRIOR,RIXWA,FREIGHTER,20162,89.40,13.6,5.72,2482,1538.00,LIMASSOL,01/11/2022,CYPRUS,4123.00,9129134
628,RMS DUISBURG,RDUIS,FREIGHTER,28813,99.90,11,3.00,2042,612.00,ST JOHNS,,ANTIGUA & BARBUDA,,9194309
629,RMS NEUDORF,RNEUD,FREIGHTER,28813,82.50,12,6.00,1985,969.00,SAINT JOHN,01/01/1999,ANTIGUA,2620.00,8920256
630,RMS VERITAS,RMSV,FREIGHTER,644009,99.26,16.44,4.90,2899,1390.00,SAINT JOHNS,,ANTIGUA & BARBUDA,3931.00,
631,RMS WANHEIM,RMSWAN,FREIGHTER,20162,82.51,12.5,4.46,1985,,MONROVIA,01/03/2016,LIBERIA,,8920268
632,ROALD AMUNDSEN,ROALD,CRUISE,20162,140.00,,,40000,,,,,,
633,ROALD-AMUNDSEN,ROA,MISCELLANEOUS,20162,49.00,7,4.20,252,,GERMANY,,,480.00,8994489
634,ROCKET RACOON,ROCK,FREIGHTER,563504,87.98,13.03,5.17,2642,1161.00,SAINT JOHN'S,03/07/1987,ANTIGUA & BARBUDA,3531.00,8707783
635,ROMAN,ROM,TUG,566408,27.00,9.1,,148,,,,,,
636,ROMI,ROI,FREIGHTER,507300,88.25,13.200,4.46,2373,1434.00,NASSAU,01/06/2005,BAHAMAS,4220.00,8922266
637,RORO4,ROR4,MISCELLANEOUS,496007,90.00,22,1.00,1,,,,,,
638,RORO5,ROR5,MISCELLANEOUS,496007,69.00,15,1.00,1,,,,,,
639,ROYAL KLIPPER,ROYALKLIP,FREIGHTER,28813,155.00,24,10.00,11382,6408.00,SCHEVENINGEN,02/07/2000,LIBERIA,12906.00,9172959
640,RR TRIUMPH,RRTPH,FERRY,163081,122.32,19,6.00,7606,2282.00,VALLETTA,01/10/1997,MALTA,5758.00,9119397
641,RUHRTAL,RTAL,FREIGHTER,507300,87.98,12.8,5.51,2461,1369.00,MADEIRA,02/05/2005,PORTUGAL,3707.00,9313682
642,RUM JUNGLE,RJUN,MISCELLANEOUS,20245,22.80,5,2.00,50,38.00,,,,,235014165
643,RUTH,RUTH,FREIGHTER,28813,134.44,22,99.00,9981,6606.00,LIMASSOL,01/10/2006,CYPRUS,11253.00,9376036
644,SAGA PEARL 2,SPII,CRUISE,146961,164.35,22,6.00,18627,6267.00,VALLETTA,,MALTA,2952.00,8000214
645,SAGA RUBY,SRUB,CRUISE,20162,191.09,25,8.00,24492,9356.00,VALLETTA,,MALTA,5954.00,7214715
646,SAGA SAPPHIRE,SSAP,CRUISE,20162,199.63,28,8.00,37049,13555.00,VALLETTA,22/12/1980,MALTA,5168.00,7822457
647,SAGA WIND,SAWD,FREIGHTER,28813,199.20,30.57,11.82,29381,14155.00,HONKG KONG,01/11/1994,CHINA,47053.00,9074078
648,SAIL,SAIL,FREIGHTER,507300,91.46,13.6,6.00,2818,,ST JOHNS,,ANTIGUA BARBUDA,4222.00,9114713
649,SAIMAAGRACHT,SGRACHT,FREIGHTER,20246,185.00,26,7.00,18321,7647.00,ROTTERDAM,01/01/2005,NETHERLANDS,23660.00,9288069
650,SAINT-MALO,SAINT-MALO,FERRY,20212,194.70,,,40000,,,,,,
651,SALAMANCA,SAL,FERRY,20212,215.00,,,42000,,,,,,
652,SALAR,SALR,FREIGHTER,507300,82.73,13.00,5.08,2351,1206.00,HAMBURG,28/11/1988,,3432.00,8801125
653,SAMPOGRACHT,SAMPO,MISCELLANEOUS,20246,185.40,25,10.00,18321,7647.00,,03/12/2005,NETHERLANDS,23688.00,9288071
654,SAND FALCON,SAND FAL,DREDGER,28813,120.20,19.5,7.30,6534,,,,,9154.00,9151553
655,SAND FULMAR,SANDFUL,FREIGHTER,28813,99.90,19.6,7.78,5307,1592.00,CARDIFF,,UNITED KINGDOM,9153.00,
656,SAND HERON,SANDHERON,FREIGHTER,28813,99.00,16.5,6.54,3751,1125.00,SOUTHAMPTON,01/01/1990,UK,5916.00,8900701
657,SANTA 1,SANTA 1,CRUISE,28813,10.00,,,10,,,,,,
658,SANTA LUCIA,SLUC,FREIGHTER,28813,143.00,21,9.00,8507,4734.00,GRONINGEN,,NETHERLANDS,9566.00,9194921
659,SANTA MARIA,SAN,FREIGHTER,28813,143.00,21.82,9.27,8507,4734.00,MONROVIA,01/05/1999,LIBERIA,9566.00,9194957
660,SANTONA,SANTONA,FERRY,20212,214.50,,,40500,,,,,,
661,SARA,SARA,FUEL BARGE,202362,111.00,16,6.00,4156,1947.00,VALLETTA,16/09/1989,MALTA,6608.00,8814861
662,SARAH GREY,SAR,TUG,507300,25.00,9.6,1.85,106,,SOUTHAMPTON,01/01/1999,UK,,8956437
663,SCARLET LADY,SLADY,CRUISE,787265,277.00,,,110000,,,,,,
664,SCENIC ECLIPSE,SCENICECLIPSE,CRUISE,20162,166.00,,,17085,,,,,,
665,SCHWEIZ REEFER,SCHWZREEF,FREIGHTER,28813,158.13,24,10.00,13049,5353.00,NASSAU,,BAHAMAS,13930.00,9015216
666,SCOT BAY,SCOT BAY,FREIGHTER,563504,91.25,13.75,4.92,2595,1402.00,ROCHESTER,01/01/2001,UK,3154.00,9243930
667,SCOT LEADER,SLEA,FREIGHTER,20162,89.96,15,5.00,3183,1765.00,INVERNESS,01/08/2007,UNITED KINGDOM,4507.00,9404235
668,SCOT MARINER,SCOM,FREIGHTER,563504,89.98,13.75,4.92,2594,1395.00,ROTCHESTER,01/01/2001,UK,3313.00,9243916
669,SCOT NAVIGATOR,SCAN,FREIGHTER,563504,88.00,13.39,4.19,2571,1216.00,ROCHESTER,01/06/2017,UK,3732.00,9820348
670,SCOTSMAN,SCO,TUG,934842,24.39,,4.42,192,57.00,HULL,01/01/2007,UNITED KINGDOM,,9429883
671,SD BOUNTIFUL,SBOUNT,TUG,41412,29.14,9,4.00,271,81.00,LONDON,,UNITED KINGDOM,,9533787
672,SD CHRISTINA,SDCH,TUG,41412,21.19,9,3.00,121,,LONDON,,UK,,9533751
673,SD FAITHFUL,SDFAI,TUG,41412,38.84,9.43,4.25,384,115.00,LONDON,01/01/1984,UK,85.00,8401494
674,SD INDEPENDENT,SDIN,TUG,41412,26.14,9,4.00,99,99.00,,,,99.00,9539808
675,SD INDULGENT,SDIND,TUG,41412,26.09,9,4.00,186,,,,UNITED KINGDOM,,9540285
676,SD RELIABLE,SDREL,TUG,41412,29.00,9,4.00,99,99.00,,,,99.00,9533402
677,SD TEESDALE,SDTEE,FUEL BARGE,41412,54.00,9,9.00,499,301.00,LONDON,,UNITED KINGDOM,1050.00,7510274
678,SE POTENTIA,SEPOTEN,FREIGHTER,563504,138.50,21,,9627,,,,,,
679,SEA CLOUD II,SCII,CRUISE,20162,117.00,16,5.00,3849,1154.00,VALLETTA,01/01/2000,MALTA,780.00,9171292
680,SEA CLOUD SPIRIT,SCS,CRUISE,20162,138.00,17.2,5.65,4228,1268.00,VALLETTA,01/04/2021,MALTA,,9483712
681,SEA HUNTRESS,SEHU,MISCELLANEOUS,78322,52.20,9.98,3.20,822,246.00,VALLETTA,01/01/1995,MALTA,,1005643
682,SEA KESTREL,SEAK,FREIGHTER,571589,78.00,11,4.00,1382,794.00,GEORGE TOWN,,CAYMAN IS,2225.00,9006459
683,SEA MELODY,SEAM,FREIGHTER,507300,88.60,12.5,5.42,2545,1460.00,BRIDGETOWN,01/01/2001,BARBADOS,3783.00,9195638
684,SEA SHANNON,SHAN,FREIGHTER,563504,82.45,11.30,4.05,1670,,LEMMER,,NETHERLANDS,,9160047
685,SEA SPIRIT,SEASPT,CRUISE,202362,90.60,15.31,4.20,4200,1263.00,MADEIRA,13/02/1990,PORTUGAL,695.00,8802868
686,SEABED CONSTRUCTOR,SEACON,MISCELLANEOUS,202362,115.40,22,7.00,7883,2364.00,BERGEN,,NORWAY,6480.00,9682148
687,SEABOURN ODYSSEY,SEABOURN ODYSEEY,CRUISE,64766,198.00,,,32477,,,,,,
688,SEABOURN OVATION,SEAOVA,CRUISE,20162,210.00,28.0,6.80,41865,,NASSAU,01/09/2017,BAHAMAS,4784.00,9764958
689,SEABOURN QUEST,SEAQUEST,CRUISE,20162,198.00,,6.70,32346,10657.00,NASSAU,28/05/2011,BAHAMAS,3666.00,9483126
690,SEABOURN SOJOURN,SEABOURN SOJOURN,CRUISE,20162,198.00,,,32346,,,,,,
691,SEACAT ENDEAVOUR,SCATEN,WAVE PIERCING CRAFT,20099,19.00,7,1.00,49,,,,,,
692,SEADREAM I,SEAD1,CRUISE,20162,108.00,14,7.20,4253,,NASSAU,01/01/1998,BAHAMANIAN,,8203438
693,SEAFIN,SFIN,MISCELLANEOUS,932804,22.08,14,,200,150.00,,,,0.00,235075504
694,SEAGREEN,SGREN,MISCELLANEOUS,CASH,35.00,10,,30,1.00,,,,1.00,
695,SEAHORSE,SEA,MISCELLANEOUS,,24.00,5,,30,2.00,SOUTHAMPTON,28/07/2020,UK,2.00,
696,SEAJACKS LEVITHAN,SEAJ,MISC BARGE,202362,76.00,36,,5186,,,,,,
697,SEALION,SLION,MISCELLANEOUS,CASH,26.00,10,,99,,,,,,
698,SEATRADE ORANGE,SORG,FREIGHTER,28813,185.00,30,10.00,24901,9207.00,MONROVIA,,LIBERIA,26947.00,9690092
699,SEATRADE SERVICE,SEATRADE SERVICE,FREIGHTER,28813,99.00,,,99,,,,,,
700,SEAWOLF,SEAW,MISCELLANEOUS,639724,57.90,11.23,4.97,851,255.00,MARSHALL ISLANDS,01/01/1990,,407.00,5076298
701,SELINA,SEL,MISC BARGE,507300,85.00,,,99999,,UK,,,,
702,SERENISSIMA,SISSMA,CRUISE,20162,87.41,13,4.00,2598,829.00,KINGSTOWN,01/01/1960,,590.00,5142657
703,SEVEN SEAS NAVIGATOR,SSNAV,CRUISE,20162,171.00,,,28550,,,,,,
704,SEVEN SEAS SPLENDOR,SSSPLENDOUR,CRUISE,20162,224.00,31,7.20,55948,20738.00,MAJURO,01/01/2020,,5643.00,9807085
705,SEVEN SISTERS,SEV,FERRY,COMDCK,142.45,24,5.00,18940,5527.00,DIEPPE,,FRANCE,3608.00,9320130
706,SEVILLA CARRIER,SCARR,FREIGHTER,28813,134.01,20,7.00,5994,3362.00,MONROVIA,,LIBERIA,7252.00,9078488
707,SH DIANA,SHDIANA,CRUISE,20162,125.00,,,12255,,,,,,
708,SH MINERVA,SHMIN,CRUISE,20162,115.00,,,10600,,,,,,
709,SH VEGA,VEGA,CRUISE,20162,113.00,,5.70,10700,,VALLETTA,01/01/2022,MALTA,,9895252
710,SHEEP DOG,SDOG,TUG,423437,28.00,,3.00,151,,,,,,4904761
711,SHEMARA,SMARA,MISCELLANEOUS,57668,65.00,9,3.00,878,480.00,JERSEY,,UNITED KINGDOM,,
712,SHEMARA-WILLJAY,SWILL,MISCELLANEOUS,57668,65.00,9,3.00,878,480.00,JERSEY,,UNITED KINGDOM,,
713,SHETLAND TRADER,SHET TRAD,FREIGHTER,248689,74.94,11.4,4.35,1512,696.00,BRIDGETOWN,01/07/1992,,2386.00,9030486
714,SHIELDHALL,SHALL,MISCELLANEOUS,1014716,81.69,13,4.00,1753,999.00,GLASGOW,,UNITED KINGDOM,1870.00,5322752
715,SHOALWAY,SHWAY,DREDGER,20193,90.00,19,7.00,4088,1229.00,,,NETHERLANDS,5490.00,9556337
716,SIA,SIA,MISCELLANEOUS,423437,77.20,16,2.00,2525,758.00,KLINTEBJERG,31/08/1978,DENMARK,1000.00,7715434
717,SIEGFRIED LEHMANN,SIEG,FREIGHTER,507300,89.80,15.20,3.80,3183,,ST JOHNS,01/01/2005,ANTIGUA & BARBUDA,,9325142
718,SIEM N SEA,SSEA,MISCELLANEOUS,507300,93.60,19,6.00,4869,1616.00,NASSAU,,BAHAMAS,4257.00,9424508
719,SILVER CLOUD,SCLOUD,CRUISE,423437,155.00,21,5.00,16927,5302.00,NASSAU,01/01/1994,BAHAMAS,,8903923
720,SILVER DAWN,SILVER DAWN,CRUISE,20162,213.00,27,6.70,40700,,,,,,9857937
721,SILVER ENDEAVOUR,SILV END,CRUISE,20162,164.40,23.4,6.10,20449,6630.00,NASSAU,01/06/2021,BAHAMAS,2070.00,9821873
722,SILVER EXPLORER,SILEXP,CRUISE,423437,108.11,15,4.00,6130,1839.00,NASSAU,,BAHAMAS,635.00,8806747
723,SILVER SPIRIT,SVRSP,CRUISE,20162,196.00,,,36000,,BAHAMAS,,,,9437866
724,SILVER WIND,SILVERW,CRUISE,20162,156.00,,,16800,,,,,,
725,SIMON B,SIMON B,FREIGHTER,563504,82.00,11.5,4.20,1587,843.00,HAMBERG,,GERMANY,2380.00,8511029
726,SIRENA,SIRENA,CRUISE,20162,181.00,25.46,5.95,30277,11481.00,MAJURO,05/12/1999,MARSHALL ISLANDS,2700.00,9187899
727,SIRIUS,SRIUS,TUG,507300,26.62,8,4.00,189,,,01/01/1977,NETHERLANDS,106.00,7700180
728,SJARD,SJARD,FREIGHTER,563504,143.17,22.8,9.70,12936,5824.00,SAINT JOHNS,01/01/2007,ANTIGUA & BARBUDA,17305.00,9303314
729,SLOMAN DISPATCHER,SLOM,FREIGHTER,563504,138.20,21,8.00,9611,4260.00,SAINT JOHN'S,01/01/2012,ANTIGUA & BARBUDA,12634.00,9620657
730,SOLENT RAIDER,SRAID,FUEL BARGE,20104,58.91,10,2.00,605,329.00,POOLE,01/01/1968,UNITED KINGDOM,,
731,SOLITAS - H,SOLITAS,FREIGHTER,563504,89.75,12.5,5.49,2518,1837.00,LIMASSOL,01/02/2021,CYPRUS,3789.00,9858670
732,SOSPAN DAU,SDAU,DREDGER,20193,70.36,14,3.00,1546,463.00,PAPENDRECHT,07/06/2013,NETHERLANDS,2134.00,7711062
733,SOUTHERN BAY,SNBAY,FREIGHTER,28813,143.00,22,8.00,8879,4366.00,MONROVIA,,LIBERIA,,9152181
734,SPANACO FIDELITY,SPFI,FREIGHTER,563504,89.94,15.2,5.10,2984,1769.00,ST JOHNS,02/06/2009,ANTIGUA & BARBUDA,4192.00,9472024
735,SPANACO LOYALTY,SPA,FREIGHTER,507300,89.80,14.5,6.30,2.99,1.69,SAINT JOHN'S,01/01/2007,ANTIGUA AND BARBUDA,5.00,9373503
736,SPANACO RELIABILITY,SPAN,FREIGHTER,507300,89.80,14.5,6.30,2990,1686.00,,,,5000.00,
737,SPANISH ALTERNATIVE,SPANISH ALTERNATIVE,FERRY,507300,210.00,,,999,,,,,,
738,SPANISH VESSEL,SV,FERRY,CONFIDENTIAL,255.00,,,60000,,,,,,
739,SPIRIT OF ADVENTURE,SP OF ADV,CRUISE,20162,236.00,31.2,99.00,58250,,UK,,,,9818084
740,SPIRIT OF DISCOVERY,SPDIS,CRUISE,20162,236.00,,,58250,,LONDON,,UK,,9802683
741,SPIRIT OF GOSPORT,SGOS,FERRY,20141,30.51,10,3.00,300,,PORTSMOUTH,11/10/2001,UNITED KINGDOM,,8972089
742,SPIRIT OF PORTSMOUTH,SPIP,FERRY,20141,32.60,1,,377,126.00,,,UK,30.00,9319894
743,SPITSBERGEN,SPITSBERGEN,CRUISE,64766,101.00,18.0,5.30,7344,2312.00,TROMSO,01/05/2015,NORWAY (NIS),687.00,9434060
744,SPLIT 2,SPT2,DREDGER,29368,41.00,8,3.00,325,97.00,POOLE,01/01/1975,UNITED KINGDOM,,8633176
745,SPLIT 3,SPT3,DREDGER,29368,50.62,9,2.00,475,142.00,POOLE,01/01/1969,UNITED KINGDOM,,7012313
746,SPRING DELI,SDELI,FREIGHTER,28813,152.30,24,8.00,12783,4245.00,WILLEMSTAD,,NETHERLANDS,9891.00,8220424
747,ST CECILIA,STCEC,FERRY,20191,76.94,17,2.00,2968,904.00,LONDON,01/01/1987,UK,0.00,8518546
748,ST CLARE,STCLA,FERRY,20191,81.12,18,2.00,5359,1607.00,LONDON,,UK,0.00,9236949
749,ST FAITH,SFAI,FERRY,20191,76.94,17,2.00,3009,914.00,LONDON,01/01/1990,UK,0.00,8907228
750,ST HELENA,STHELENA,CRUISE,202362,105.00,,,6767,,,,,,
751,STAD AMSTERDAM,SAMS,MISCELLANEOUS,20162,78.00,10,4.00,723,277.00,AMSTERDAM,01/06/2000,DUTCH,110.00,9185554
752,STADT BREMERHAVEN,SBRE,FREIGHTER,28813,147.87,23,8.00,9954,5117.00,MAJURO,01/01/2005,MARSHAL ISLAN,0.00,9338278
753,STADT HAMELN,SHAM,FREIGHTER,28813,147.87,23,8.00,9957,5020.00,ST JOHNS,01/01/2007,ANTIGUA,13749.00,9330276
754,STAR BEST,STAR BEST,FREIGHTER,28813,162.50,26,9.00,14030,6742.00,PANAMA,01/12/2006,,13184.00,9350989
755,STAR BREEZE,STAR BREZ,CRUISE,20162,134.00,19,5.00,9975,,BAHAMAS,01/11/1989,BAHAMAS,5170.00,8807997
756,STAR CARE,SCAR,FREIGHTER,28813,162.50,26,9.00,14022,6724.00,PANAMA,13/10/2009,PANAMA,13300.00,9517903
757,STAR COURAGE,STA,FREIGHTER,28813,188.60,26.00,9.72,17164,8092.00,PANAMA,01/05/2017,,16727.00,9765859
758,STAR ENDEAVOUR,SEND,FREIGHTER,28813,162.50,26,9.00,14022,6724.00,PANAMA,24/02/2010,PANAMA,12967.00,9517927
759,STAR FIRST,STAR FIRST,FREIGHTER,28813,162.50,26.0,9.70,14030,,NASSAU,,BAHAMAS,,9330056
760,STAR LEADER,SLEAD,FREIGHTER,28813,162.50,26,9.00,14022,6724.00,PANAMA,01/04/2010,PANAMA,12955.00,9517939
761,STAR LEGEND,STAR LEGEND,CRUISE,20162,160.00,,,12969,,,,,,
762,STAR PRIDE,STARPRIDE,FREIGHTER,28813,162.50,26,9.00,14022,6724.00,PANAMA,,PANAMA,12955.00,9517915
763,STAR PRIMA,SPRIM,FREIGHTER,28813,162.50,26,14.00,14030,6720.00,PANAMA,,PANAMA,1318.00,9338747
764,STAR STANDARD,SSTAN,FREIGHTER,28813,162.50,26,9.00,14030,6724.00,SINGAPORE,,SINGAPORE,13201.00,9438509
765,STAR TRUST,STRU,FREIGHTER,28813,162.50,26,9.00,17030,6724.00,SINGAPORE,27/01/2009,SINGAPORE,13189.00,94318511
766,STEEL,STE,MISCELLANEOUS,606427,54.85,9.5,3.20,769,230.00,GEORGETOWN,01/11/2004,,78.00,1009156
767,STEFAN SIBUM,SSIB,FREIGHTER,28813,151.74,23,8.00,10585,5400.00,LIMASSOL,17/10/2008,GERMAN,13172.00,9461594
768,STEMAT 87,STEM,MISCELLANEOUS,20193,66.00,22,3.00,1369,0.00,,,,0.00,
769,STINNES PASSAT,STIN,FREIGHTER,20162,144.87,23.000,9.85,12795,5486.00,SAINT JOHN'S,24/11/2011,,17299.00,9473248
770,STRAMI,STRM,FREIGHTER,507300,88.25,13.210,5.46,2373,1434.00,NASSAU,,BAHAMAS,4245.00,8922254
771,STRANDWAY,STR,DREDGER,20193,92.10,19,6.16,4320,1296.00,LIMASSOL,01/06/2014,CYPRESS,5950.00,9664457
772,STREKKER,STRE,MISCELLANEOUS,20193,35.00,15,0.00,99,0.00,,,,0.00,1128037
773,SUDEROOG,SUD,FREIGHTER,28813,161.35,25,9.00,15633,6717.00,GIBRALTAR,30/04/2005,,16939.00,9256327
774,SUFFOLK SPIRIT,SUF,MISCELLANEOUS,481721,26.00,10,3.00,146,0.00,,,UK,0.00,9676917
775,SUMMER FLOWER,SFLO,FREIGHTER,20195,169.09,24,9.00,12659,6755.00,NASSAU,,BAHAMAS,13584.00,8413019
776,SUMMER WIND,SWIND,FREIGHTER,20195,169.09,24,9.00,12660,6755.00,NASSAU,01/11/1985,BAHAMAS,13636.00,8410574
777,SUNSET 1,SST1,MISCELLANEOUS,20182,51.10,0,5.00,493,148.00,,,UK,0.00,9222314
778,SUSANNE A,SUSA,MISCELLANEOUS,202362,54.00,14.72,,469,,,,,200.00,
779,SUURHUSEN S,SUUR,FREIGHTER,507300,88.77,13.17,5.68,2805,1568.00,SAINT JOHN'S,01/12/2020,ANTIGUA & BARBUDA,4261.00,9123245
780,SV FRIDTJOF NANSEN,SVFN,MISCELLANEOUS,CASH,43.33,6.890,2.57,247,74.00,WOLGAST,,GERMANY,0.00,5130094
781,SVEALAND,SVEA,FREIGHTER,507300,88.60,12.6,5.42,2498,1413.00,STADE,,GERMANY,3783.00,9195743
782,SVEN D,SVE,FREIGHTER,644009,141.60,20.8,7.30,7713,3785.00,SNEEK,,NETHERLANDS,9604.00,
783,SWAN CHACABUCO,SWCHA,FREIGHTER,20195,152.00,23,9.00,13099,4796.00,NASSAU,,BAHAMAS,12974.00,8907876
784,SWEDISH STREAM,SWED STR,FREIGHTER,28813,158.13,24.43,10.02,13049,5353.00,NASSAU,01/01/1992,BAHAMAS,13930.00,9030149
785,SY ADELE,ADE,MISCELLANEOUS,CASH,55.00,,5.00,289,,CAYMEN,,,,
786,SY ANATTA,SYAN,MISCELLANEOUS,COMDCK,66.00,10.25,4.90,499,149.00,GEORGE TOWN,01/02/2011,CAYMAN ISLANDS,,1011159
787,SY MERAKI,MRK,CRUISE,20246,49.70,9.61,4.35,265,79.00,GEORGE TOWN,,CAYMAN ISLANDS,,9840831
788,SY Q,SYQ,MISCELLANEOUS,20246,51.70,10.3,,407,,GEORGE TOWN,01/01/2008,CAYMAN ISLANDS,,1010040
789,SYMPHONY SPACE,SYM,FREIGHTER,563504,122.50,17.05,7.95,6749,3408.00,ROTTERDAM,,NETHERLANDS,10546.00,9735232
790,SYMPHONY SUN,SYS,FREIGHTER,563504,122.50,17.050,7.81,6.75,6.75,,01/01/2016,NETHERLANDS,10.55,9721669
791,SYROS,SYR,FUEL BARGE,202362,90.22,15,3.00,322,,,,,,9371294
792,TASMAN MERMAID,TASMER,FREIGHTER,28813,141.80,,8.00,9829,3538.00,PANAMA,,,10457.00,9045950
793,TAURAS J,TAURJ,FERRY,28813,154.59,24,14.00,14062,5525.00,SAINT JOHNS,,ANTIGUA & BARBUDA,18832.00,9248916
794,TEDDY,TEDDY,TUG,20195,23.35,,,123,,,,,,
795,TELMO,TELM,FREIGHTER,1921464,99.90,15.6,6.20,3978,2262.00,LIMASSOL,01/01/2016,CYPRUS,5613.00,9786798
796,TENACIOUS,TENA,MISCELLANEOUS,1478752,65.00,10,4.00,586,175.00,SOUTHAMPTON,,UNITED KINGDOM,,1005679
797,TEST SHIP 1,TEST 1,FERRY,1478752,1.00,,,1,,,,,,
798,TEST SHIP 2,TEST 2,FERRY,1478752,500.00,,,999999,,,,,,
799,THE WORLD,WORLD,CRUISE,20162,196.00,29.8,7.07,43188,15444.00,NASSAU,01/01/2002,BAHAMAS,4558.00,9219331
800,THOMSON CELEBRATION,THCEL,CRUISE,20195,214.66,27,7.00,33933,16050.00,VALLETTA,,MALTA,4243.00,5544071
801,THOR,THOR,MISCELLANEOUS,COMDCK,30.00,6,3.00,99,66.00,,,,,
802,THOR HEYERDAHL,THEY,MISCELLANEOUS,563504,49.80,6.53,2.21,211,118.00,KIEL,01/01/1931,GERMANY,315.00,5221491
803,THV MAIR,THMAR,MISCELLANEOUS,20231,24.00,6,,1,,,,UNITED KINGDOM,,235004042
804,TIBERBORG,TIBERBORG,FREIGHTER,20195,172.28,21.490,9.38,14.7,6.70,DELFZIJL,01/01/2013,NETHERLANDS,21.30,9546473
805,TIMOR STREAM,TSTR,FREIGHTER,28813,150.00,22,9.00,9307,4983.00,MONROVIA,01/09/1998,LIBERIA,11013.00,9172947
806,TINA C,TIN,FREIGHTER,507300,99.60,14.50,6.20,3391,,COWES,,UNITED KINGDOM,,9416331
807,TORPO,TOR,FREIGHTER,20162,88.15,14.18,4.90,1986,1246.00,BRIDGETOWN,01/01/1990,,3504.00,8908791
808,TRAFALGAR SENTINEL,TRAFSE,MISCELLANEOUS,202362,60.00,15.8,5.20,2.03,609.00,ABERDEEN,29/09/2020,UNITED KINGDOM,1.62,9720706
809,TRENT NAVIGATOR,TNAV,FREIGHTER,20246,111.60,16,7.00,5667,3048.00,HERENVEEN,21/05/2013,NETHERLANDS,,9631369
810,TRIPLE SEVEN,TRIP,MISCELLANEOUS,COMDCK,67.40,12.81,3.55,1393,417.00,,,,250.00,
811,TUCANA,TUCA,FREIGHTER,20162,88.60,12.5,5.42,2545,1460.00,HEERHUGOWAARD,01/01/2008,NETHERLANDS,3783.00,9455674
812,TUG HOLLAND,THOL,TUG,20162,57.50,9,3.00,570,171.00,WEST-TERSCHELLI,,NETHERLANDS,,5153462
813,UHL FINESSE,UHFI,FREIGHTER,563504,149.99,25.910,9.20,16732,5180.00,MADEIRA,01/01/2021,PORTUGAL,17102.00,9892511
814,UHL FLASH,UHL,FREIGHTER,563504,149.99,25.87,8.30,16732,5180.00,MADEIRA,01/01/2019,PORTUGAL,14066.00,9785407
815,UHL FRONTIER,UHLFR,FREIGHTER,563504,149.99,25.85,9.20,16729,5180.00,MADEIRA,01/01/2019,PORTUGAL,17121.00,9789685
816,UKD BLUEFIN,UBLUE,DREDGER,20193,97.96,18,5.00,4171,1251.00,SWANSEA,,UNITED KINGDOM,5797.00,9143427
817,UNEXPECTED,UNE,MISCELLANEOUS,78322,38.00,8,2.50,377,,,,,67.00,
818,VADERO HIGHLANDER,VAD,FUEL BARGE,202362,78.56,10.450,4.27,1.320,600.00,,,,1.86,
819,VAL DE LOIRE,VAL,FERRY,20212,161.00,32,6.00,31395,13212.00,MORLAIX,01/01/1987,FRANCE,,8502406
820,VALERIE,VALER,FREIGHTER,507300,89.95,14.4,6.23,2984,1598.00,GRONINGEN,01/01/2012,NETHERLANDS,4450.00,9374739
821,VALIANT LADY,VALADY,CRUISE,787265,278.00,42.0,8.30,110000,74502.00,NASSAU,15/06/2020,BAHAMAS,10000.00,9805336
822,VARNEBANK,VARN,FREIGHTER,,132.23,15.87,7.50,6130,3424.00,DELFZIJL,01/11/2000,NETHERLANDS,9567.00,9213739
823,VASCO DA GAMA,VASCO,CRUISE,20162,219.40,30.8,7.72,55877,26345.00,MADEIRA,30/07/1991,PORTUGAL,7637.00,8919245
824,VDE III,VDEIII,MISCELLANEOUS,20099,36.00,3,99.00,99999,0.00,,,,,
825,VECTIS HARRIER,VEC,FREIGHTER,563504,109.95,17,8.00,6190,2619.00,DOUGLAS,01/08/2012,BRITISH,8557.00,9594303
826,VEDETTE,VED,FREIGHTER,28813,88.00,13,5.40,1,1.00,PEEL,01/01/2000,ISLE OF MAN,3850.00,9195729
827,VEGA VIRGO,VEG,FREIGHTER,28813,139.26,22,8.00,9,4.00,MONROVIA,01/01/2011,LIBERIA,11.00,9491604
828,VENTURA,VEN,FREIGHTER,507300,88.80,12.5,5.40,2545,1460.00,FAVERSHAM,,UNITED KINGDOM,3812.00,9195731
829,VERTOM MARJOLIN,VERTOM,FREIGHTER,507300,88.25,12.4,5.14,2451,1325.00,LUXEMBOURG,01/10/2020,,3583.00,9507350
830,VESTVIND,VESTVIND,FREIGHTER,563504,130.00,,5.00,7175,,ANTIGUA,,,10238.00,9750579
831,VICTORIA,VICTORIA,CRUISE,110214,191.85,,,57092,,,,,,
832,VICTORIA OF WIGHT,VIC OF W,FERRY,20191,89.70,20,,8041,8041.00,,,,950.00,9791028
833,VIKING ENERGY,VIKEN,MISCELLANEOUS,20193,26.48,11.0,2.61,255,76.00,KIRKWALL,01/01/2019,UNITED KINGDOM,0.00,9868510
834,VIKING JUPITER,VJUP,CRUISE,20162,228.30,66.50,6.65,47800,,BERGEN,10/05/2021,NORWAY,,9796262
835,VIKING MARS,VIKMAR,CRUISE,20162,227.00,28.8,6.40,60000,18853.00,BERGEN,15/07/2021,NORWAY,4900.00,9833187
836,VIKING MERCURY,VIKING MERCURY,CRUISE,20162,228.00,,,47842,,,,,,
837,VIKING NEPTUNE,VIKNEP,CRUISE,20162,228.00,,,47800,,BERGEN,,,,9845910
838,VIKING SATURN,VSATURN,CRUISE,20162,228.00,,,47842,,,,,,
839,VIKING SEA,VSEA,CRUISE,20162,228.20,28.8,6.30,47842,,BERGEN,05/05/2016,NORWEGIAN,4870.00,9725421
840,VIKING SENTINEL,VIKING S,MISCELLANEOUS,202362,60.00,,5.20,2.03,609.00,ABERDEEN,20/08/2022,UNITEDKINGDOM,1.59,9720718
841,VIKING SKY,VSKY,CRUISE,20162,228.30,28,6.00,47842,18858.00,BERGAN,23/03/2016,,4826.00,9650420
842,VIKING STAR,VSTAR,CRUISE,20162,228.30,28,6.00,47842,18858.00,BERGEN,23/06/2014,SWITZERLAND,4912.00,9650418
843,VIKING SUN,VSUN,CRUISE,20162,228.33,28,6.00,47842,18858.00,BERGEN,15/12/2016,,4797.00,9725433
844,VIKING TELLUS,VTELLUS,CRUISE,20162,228.00,,,47842,,,,,,
845,VIKING VELLA,VIKING VELLA,CRUISE,20162,239.00,,,54300,,,,,,
846,VIKING VENUS,VVENUS,CRUISE,20162,228.00,28.89,6.65,47842,,BERGEN,01/04/2021,NORWAY,,9833175
847,VIONA,VINA,FREIGHTER,28813,178.57,27,10.00,17360,9038.00,MADERIA,01/07/2013,PORTUGAL,22248.00,9333369
848,VIRGINIA ANN,VIRG,MISCELLANEOUS,64766,87.17,18.3,,3378,,,,,4.47,
849,VLISTDIEP,VLI,FREIGHTER,28813,118.00,16,4.80,4990,,,01/01/2007,NETHERLANDS,7781.00,9414187
850,VOS PACE,VPACE,FREIGHTER,507300,83.40,18,4.00,3638,1295.00,BRESKENS,01/01/2015,NETHERLANDS,4120.00,9685750
851,VOS STONE,VOST,FREIGHTER,507300,80.00,18.4,5.80,4965,1489.00,BRESKENS,18/06/2016,NETHERLANDS,2348.00,9730517
852,VULCAN 2,VUL,TUG,28813,16.60,6,2.00,9999,,FALMOUTH,01/01/2011,BRITISH,,
853,WATERWAY,WATER,DREDGER,20193,97.70,23.020,6.58,5.395,1.62,LIMASSOL,01/01/2001,CYPRUS,6.61,9240005
854,WAVE SENTINEL,WSEN,MISCELLANEOUS,20162,137.50,21,6.00,12330,3700.00,LONDON,04/02/1995,UNITED KINGDOM,4552.00,9100748*
855,WAVERLEY,WVLY,STEAMBOAT,1464390,73.13,17,1.00,693,327.00,GLASGOW,01/01/1947,UNITED KINGDOM,,5386954
856,WD MERSEY,WDMER,DREDGER,20193,67.59,13,5.00,1595,478.00,LIVERPOOL,23/01/1980,UNITED KINGDOM,2778.00,8123195
857,WHITASK,WTASK,FUEL BARGE,20104,57.31,10,2.00,640,343.00,LONDON,01/09/1978,UNITED KINGDOM,,7715408
858,WHITCHALLENGER,WCHAL,FUEL BARGE,20104,84.95,15,6.00,2958,1355.00,DOUGLAS,01/09/2002,UNITED KINGDOM,4450.00,9252278
859,WHITCHAMPION,WCHAMP,FUEL BARGE,20104,84.95,15,6.00,2965,1355.00,DOUGLAS,,UNITED KINGDOM,4513.00,9252280
860,WHITDAWN,WDAWN,FUEL BARGE,20104,79.93,16,5.10,2746,,VALLETTA,,MALTESE,,9604342
861,WHITMARINER,WMARIN,FUEL BARGE,20104,88.52,11,5.00,1363,,LIMASSOL,,UNITED KINGDOM,0.00,7813169
862,WHITONIA,WHNIA,FUEL BARGE,20104,101.84,18,6.00,4292,1963.00,DOUGLAS,15/11/2006,UNITED KINGDOM,7000.00,9342607
863,WHITSTAR,WHITST,FUEL BARGE,20104,75.10,14.1,5.75,2159,824.00,HULL,,UK,3185.00,
864,WIGHT LIGHT,WLIGHT,FERRY,20191,62.00,,,2546,,LONDON,,UNITED KINGDOM,,9446972
865,WIGHT RYDER 1,WRYD1,FERRY,20191,39.50,12,1.00,520,164.00,,,,130.00,9512537
866,WIGHT RYDER 2,WRYD2,FERRY,20191,40.90,12,1.00,520,164.00,PORTSMOUTH,,UNITED KINGDOM,130.00,9512549
867,WIGHT SCENE,WSCENE,FERRY,20272,26.40,10,2.00,279,134.00,COWES,01/01/1992,UNITED KINGDOM,,9056997
868,WIGHT SKY,WSKY,FERRY,20191,62.40,16,4.00,2546,763.00,LONDON,,UNITED KINGDOM,,9446984
869,WIGHT SUN,WSUN,FERRY,20191,62.00,16,2.00,1500,,LONDON,29/06/2008,UNITED KINGDOM,360.00,9490416
870,WILANNE,WANN,TUG,57668,16.89,5,2.00,35,35.00,SOUTHAMPTON,,UNITED KINGDOM,,9320221
871,WILCARRY,WCAR,MISCELLANEOUS,57668,50.00,,,229,,SOUTHAMPTON,,UNITED KINGDOM,,
872,WILCARRY 100,WCAR100,MISCELLANEOUS,20193,14.00,8,0.00,1,1.00,,,UNITED KINGDOM,37.00,
873,WILD COSMOS,WCOS,FREIGHTER,20195,149.92,22,8.00,9859,5124.00,PANAMA,01/01/2006,PANAMA,10097.00,9181132
874,WILD LOTUS,WLOT,FREIGHTER,20195,149.92,22,8.00,9660,5124.00,PANAMA,,PANAMA,10139.00,9181168
875,WILD PEONY,WPEO,FREIGHTER,20195,149.92,,8.00,9859,5124.00,PANAMA,,PANAMA,10110.00,9191474
876,WILHELM,WHELM,FREIGHTER,28813,134.44,22,8.00,9981,606.00,LIMASSOL,01/10/2006,CYPRUS,11255.00,9376050
877,WILLDART,WDAR,TUG,57668,14.00,6,,0,,,,,,
878,WILLEM B,WILB,TUG,COMDCK,18.40,5,2.00,1,1.00,,,NETHERLANDS,1.00,8433681
879,WILLENDEAVOUR,WEND,TUG,57668,22.00,9,3.00,136,1.00,,,BRITISH,1.00,8668353
880,WILLPOWER,WIPO,TUG,57668,22.50,7.25,3.18,140,36.00,SOUTHAMPTON,30/04/2014,UNITED KINGDOM,62.00,9220691
881,WILLPOWER-DNU,WPOW,TUG,COMDCK,19.50,6,2.00,120,,SOUTHAMPTON,01/01/1995,UNTIED KINGDOM,,9059262
882,WILLSUPPLY,WISU,MISCELLANEOUS,57668,22.50,,1.80,0,,,,,,
883,WILSON FEDJE,WILFED,FREIGHTER,507300,89.93,15.660,6.00,3.56,1.59,BRIDGETOWN,01/01/2012,BARBADOS,4.50,9491757
884,WILSON FLEX IV,WIL FEL,FREIGHTER,563504,88.50,14.5,5.70,2995,,MADEIRA,01/11/2022,PORTUGAL,,9911460
885,WILSON JUPITER,WILS,FREIGHTER,563504,87.97,11.80,5.40,2281,1229.00,SAINT JOHN'S,10/04/2021,ANTIGUA & BARBUDA,3629.00,9411795
886,WILSON MONSOON,WIL,FREIGHTER,563504,90.60,13.8,4.30,2035,1168.00,BRIDGETOWN,,BARDADOS,2780.00,
887,WILSON PARNU,WILPAR,FREIGHTER,507300,89.80,14.50,6.30,2990,,BERGEN,,NORWAY,,9373541
888,WILSON POLICE,WILPOL,FREIGHTER,507300,89.80,14.500,6.30,2.99,1.69,BERGEN,01/01/2007,NORWAY,4998.00,9373539
889,WILSON SKAW,SKAW,FREIGHTER,563504,112.70,15.2,6.68,4197,2033.00,BRIDGETOWN,03/12/2014,BARBADOS,6460.00,8918459
890,WILSON WISLA,WILW,FREIGHTER,563504,82.35,11460,4.80,1864,938.00,BRIDGETOWN,01/01/1996,,2517.00,9156175
891,WIND SOLUTION,WINDSO,FERRY,507300,122.71,19,5.00,8893,2667.00,LONDON,,UNITED KINGDOM,1845.00,6918560
892,WIND SURF,WSURF,CRUISE,20162,187.20,20,13.00,14745,5056.00,NASSUA,01/05/2007,BAHAMAS,1654.00,9700785
893,WINGS,WIN,FREIGHTER,507300,87.00,12.98,5.08,2351,1206.00,ST JOHNS,01/01/1989,ANTIGUA&BARBUDA,3432.00,8801113
894,WORLD EXPLORER,WEXP,CRUISE,507300,134.00,19,,9300,,,,MADEIRA,,
895,WORLD NAVIGATOR,WORLDNAV,CRUISE,20162,126.00,18.0,4.00,9300,2812.00,MADEIRA,23/08/2020,PORTUGAL,1123.00,9871531
896,WORLD VOYAGER,WVOYAGER,CRUISE,20162,126.00,18.00,4.00,9300,2812.00,MADEIRA,10/05/2019,PORTUGAL,1103.00,9871529
897,WYEFORCE,AWY,TUG,610025,19.20,6.1,2.60,57,,,,UNITED KINGDOM,,
898,YORKSHIREMAN,YORK,TUG,934842,24.39,9,4.00,144,136.00,HULL,01/09/2007,UK,97.00,9655884
899,ZEA BREMEN,ZEA,FREIGHTER,563504,156.76,,7.80,10.9,5.77,MONROVIA,01/01/2016,LIBERIA,12.77,9273791
900,ZENIT,ZEN,FREIGHTER,20195,152.00,23,9.00,13312,4796.00,MONROVIA,,LIBERIA,12848.00,8700228
901,ZENOBE GRAMME,OBE,MISCELLANEOUS,635040,28.00,6.8,2.10,999999,,BELGIUM,01/12/1961,,,4515780